,ponto_id,lat_pred,lon_pred,indoor_pred
0,0,-8.055616,-34.95171,1
1,3,-8.055616,-34.95171,1
2,8,-8.055616,-34.95171,1
3,10,-8.055616,-34.95171,1
4,12,-8.055616,-34.95171,1
5,14,-8.055616,-34.95171,1
6,17,-8.055616,-34.95171,1
7,19,-8.055616,-34.95171,1
8,23,-8.055616,-34.95171,1
9,29,-8.055616,-34.95171,1
10,30,-8.055616,-34.95171,1
11,31,-8.055616,-34.95171,1
12,33,-8.055616,-34.95171,1
13,36,-8.055616,-34.95171,1
14,37,-8.055616,-34.95171,1
15,39,-8.055616,-34.95171,1
16,41,-8.055616,-34.95171,1
17,46,-8.055616,-34.95171,1
18,47,-8.055616,-34.95171,1
19,48,-8.055616,-34.95171,1
20,50,-8.055616,-34.95171,1
21,56,-8.055616,-34.95171,1
22,58,-8.055616,-34.95171,1
23,59,-8.055616,-34.95171,1
24,61,-8.055616,-34.95171,1
25,65,-8.055616,-34.95171,1
26,68,-8.055616,-34.95171,1
27,69,-8.055616,-34.95171,1
28,70,-8.055616,-34.95171,1
29,73,-8.055616,-34.95171,1
30,76,-8.055616,-34.95171,1
31,79,-8.055616,-34.95171,1
32,80,-8.055616,-34.95171,1
33,81,-8.055616,-34.95171,1
34,87,-8.055616,-34.95171,1
35,88,-8.055616,-34.95171,1
36,91,-8.055616,-34.95171,1
37,92,-8.055616,-34.95171,1
38,93,-8.055616,-34.95171,1
39,95,-8.055616,-34.95171,1
40,96,-8.055616,-34.95171,1
41,99,-8.055616,-34.95171,1
42,100,-8.055616,-34.95171,1
43,101,-8.055616,-34.95171,1
44,102,-8.055616,-34.95171,1
45,103,-8.055616,-34.95171,1
46,104,-8.055616,-34.95171,1
47,106,-8.055616,-34.95171,1
48,107,-8.055616,-34.95171,1
49,108,-8.055616,-34.95171,1
50,111,-8.055616,-34.95171,1
51,118,-8.055616,-34.95171,1
52,119,-8.055616,-34.95171,1
53,122,-8.055616,-34.95171,1
54,131,-8.055616,-34.95171,1
55,132,-8.055616,-34.95171,1
56,135,-8.055616,-34.95171,1
57,144,-8.055616,-34.95171,1
58,149,-8.055616,-34.95171,1
59,151,-8.055616,-34.95171,1
60,157,-8.055616,-34.95171,1
61,164,-8.055616,-34.95171,1
62,167,-8.055616,-34.95171,1
63,168,-8.055616,-34.95171,1
64,169,-8.055616,-34.95171,1
65,172,-8.055616,-34.95171,1
66,176,-8.055616,-34.95171,1
67,177,-8.055616,-34.95171,1
68,179,-8.055616,-34.95171,1
69,180,-8.055616,-34.95171,1
70,181,-8.055616,-34.95171,1
71,185,-8.055616,-34.95171,1
72,196,-8.055616,-34.95171,1
73,199,-8.055616,-34.95171,1
74,209,-8.055616,-34.95171,1
75,211,-8.055616,-34.95171,1
76,212,-8.055616,-34.95171,1
77,214,-8.055616,-34.95171,1
78,217,-8.055616,-34.95171,1
79,218,-8.055616,-34.95171,1
80,221,-8.055616,-34.95171,1
81,222,-8.055616,-34.95171,1
82,229,-8.055616,-34.95171,1
83,230,-8.055616,-34.95171,1
84,233,-8.055616,-34.95171,1
85,239,-8.055616,-34.95171,1
86,245,-8.055616,-34.95171,1
87,247,-8.055616,-34.95171,1
88,248,-8.055616,-34.95171,1
89,251,-8.055616,-34.95171,1
90,252,-8.055616,-34.95171,1
91,257,-8.055616,-34.95171,1
92,263,-8.055616,-34.95171,1
93,265,-8.055616,-34.95171,1
94,267,-8.055616,-34.95171,1
95,274,-8.055616,-34.95171,1
96,286,-8.055616,-34.95171,1
97,288,-8.055616,-34.95171,1
98,291,-8.055616,-34.95171,1
99,292,-8.055616,-34.95171,1
100,300,-8.055616,-34.95171,1
101,304,-8.055616,-34.95171,1
102,308,-8.055616,-34.95171,1
103,311,-8.055616,-34.95171,1
104,315,-8.055616,-34.95171,1
105,316,-8.055616,-34.95171,1
106,318,-8.055616,-34.95171,1
107,319,-8.055616,-34.95171,1
108,321,-8.055616,-34.95171,1
109,323,-8.055616,-34.95171,1
110,328,-8.055616,-34.95171,1
111,330,-8.055616,-34.95171,1
112,332,-8.055616,-34.95171,1
113,333,-8.055616,-34.95171,1
114,334,-8.055616,-34.95171,1
115,335,-8.055616,-34.95171,1
116,337,-8.055616,-34.95171,1
117,346,-8.055616,-34.95171,1
118,349,-8.055616,-34.95171,1
119,350,-8.055616,-34.95171,1
120,353,-8.055616,-34.95171,1
121,354,-8.055616,-34.95171,1
122,360,-8.055616,-34.95171,1
123,367,-8.055616,-34.95171,1
124,379,-8.055616,-34.95171,1
125,381,-8.055616,-34.95171,1
126,385,-8.055616,-34.95171,1
127,388,-8.055616,-34.95171,1
128,393,-8.055616,-34.95171,1
129,394,-8.055616,-34.95171,1
130,400,-8.055616,-34.95171,1
131,401,-8.055616,-34.95171,1
132,402,-8.055616,-34.95171,1
133,408,-8.055616,-34.95171,1
134,409,-8.055616,-34.95171,1
135,411,-8.055616,-34.95171,1
136,415,-8.055616,-34.95171,1
137,416,-8.055616,-34.95171,1
138,427,-8.055616,-34.95171,1
139,429,-8.055616,-34.95171,1
140,433,-8.055616,-34.95171,1
141,435,-8.055616,-34.95171,1
142,439,-8.055616,-34.95171,1
143,445,-8.055616,-34.95171,1
144,447,-8.055616,-34.95171,1
145,449,-8.055616,-34.95171,1
146,453,-8.055616,-34.95171,1
147,455,-8.055616,-34.95171,1
148,457,-8.055616,-34.95171,1
149,461,-8.055616,-34.95171,1
150,462,-8.055616,-34.95171,1
151,465,-8.055616,-34.95171,1
152,468,-8.055616,-34.95171,1
153,472,-8.055616,-34.95171,1
154,473,-8.055616,-34.95171,1
155,474,-8.055616,-34.95171,1
156,476,-8.055616,-34.95171,1
157,477,-8.055616,-34.95171,1
158,483,-8.055616,-34.95171,1
159,485,-8.055616,-34.95171,1
160,486,-8.055616,-34.95171,1
161,487,-8.055616,-34.95171,1
162,495,-8.055616,-34.95171,1
163,496,-8.055616,-34.95171,1
164,500,-8.055616,-34.95171,1
165,503,-8.055616,-34.95171,1
166,509,-8.055616,-34.95171,1
167,510,-8.055616,-34.95171,1
168,511,-8.055614,-34.95171,1
169,513,-8.055616,-34.95171,1
170,518,-8.055616,-34.95171,1
171,524,-8.055616,-34.95171,1
172,528,-8.055616,-34.95171,1
173,530,-8.055616,-34.95171,1
174,532,-8.055616,-34.95171,1
175,533,-8.055616,-34.95171,1
176,538,-8.055616,-34.95171,1
177,540,-8.055616,-34.95171,1
178,543,-8.055616,-34.95171,1
179,544,-8.055616,-34.95171,1
180,550,-8.055616,-34.95171,1
181,551,-8.055616,-34.95171,1
182,554,-8.055616,-34.95171,1
183,555,-8.055616,-34.95171,1
184,563,-8.055616,-34.95171,1
185,564,-8.055616,-34.95171,1
186,567,-8.055616,-34.95171,1
187,568,-8.055616,-34.95171,1
188,576,-8.055616,-34.95171,1
189,577,-8.055616,-34.95171,1
190,582,-8.055616,-34.95171,1
191,586,-8.055616,-34.95171,1
192,590,-8.055616,-34.95171,1
193,591,-8.055616,-34.95171,1
194,592,-8.055616,-34.95171,1
195,594,-8.055616,-34.95171,1
196,601,-8.055616,-34.95171,1
197,603,-8.055616,-34.95171,1
198,604,-8.055616,-34.95171,1
199,605,-8.055616,-34.95171,1
200,611,-8.055616,-34.95171,1
201,613,-8.055616,-34.95171,1
202,617,-8.055616,-34.95171,1
203,618,-8.055616,-34.95171,1
204,620,-8.055616,-34.95171,1
205,623,-8.055616,-34.95171,1
206,624,-8.055616,-34.95171,1
207,625,-8.055616,-34.95171,1
208,633,-8.055616,-34.95171,1
209,637,-8.055616,-34.95171,1
210,641,-8.055616,-34.95171,1
211,642,-8.055616,-34.95171,1
212,647,-8.055616,-34.95171,1
213,653,-8.055616,-34.95171,1
214,654,-8.055614,-34.95171,1
215,655,-8.055616,-34.95171,1
216,664,-8.055616,-34.95171,1
217,665,-8.055616,-34.95171,1
218,668,-8.055616,-34.95171,1
219,673,-8.055616,-34.95171,1
220,675,-8.055616,-34.95171,1
221,676,-8.055616,-34.95171,1
222,678,-8.055616,-34.95171,1
223,682,-8.055616,-34.95171,1
224,683,-8.055616,-34.95171,1
225,693,-8.055616,-34.95171,1
226,694,-8.055616,-34.95171,1
227,696,-8.055616,-34.95171,1
228,700,-8.055616,-34.95171,1
229,706,-8.055616,-34.95171,1
230,708,-8.055616,-34.95171,1
231,710,-8.055616,-34.95171,1
232,711,-8.055616,-34.95171,1
233,712,-8.055616,-34.95171,1
234,713,-8.055616,-34.95171,1
235,715,-8.055616,-34.95171,1
236,718,-8.055616,-34.95171,1
237,724,-8.055616,-34.95171,1
238,730,-8.055616,-34.95171,1
239,733,-8.055616,-34.95171,1
240,736,-8.055616,-34.95171,1
241,737,-8.055616,-34.95171,1
242,738,-8.055616,-34.95171,1
243,740,-8.055616,-34.95171,1
244,742,-8.055616,-34.95171,1
245,743,-8.055616,-34.95171,1
246,744,-8.055616,-34.95171,1
247,745,-8.055616,-34.95171,1
248,747,-8.055616,-34.95171,1
249,748,-8.055616,-34.95171,1
250,749,-8.055616,-34.95171,1
251,751,-8.055616,-34.95171,1
252,753,-8.055616,-34.95171,1
253,758,-8.055616,-34.95171,1
254,759,-8.055616,-34.95171,1
255,761,-8.055616,-34.95171,1
256,763,-8.055616,-34.95171,1
257,764,-8.055616,-34.95171,1
258,765,-8.055616,-34.95171,1
259,766,-8.055616,-34.95171,1
260,773,-8.055616,-34.95171,1
261,774,-8.055616,-34.95171,1
262,782,-8.055616,-34.95171,1
263,786,-8.055616,-34.95171,1
264,789,-8.055616,-34.95171,1
265,794,-8.055616,-34.95171,1
266,795,-8.055616,-34.95171,1
267,799,-8.055616,-34.95171,1
268,800,-8.055402,-34.951717,1
269,809,-8.055402,-34.951717,1
270,810,-8.055402,-34.951717,1
271,811,-8.055402,-34.951717,1
272,815,-8.055402,-34.951717,1
273,828,-8.055402,-34.951717,1
274,831,-8.055402,-34.951717,1
275,833,-8.055402,-34.951717,1
276,834,-8.055402,-34.951717,1
277,835,-8.055402,-34.951717,1
278,837,-8.055402,-34.951717,1
279,841,-8.055402,-34.951717,1
280,852,-8.055402,-34.951717,1
281,856,-8.055402,-34.951717,1
282,858,-8.055402,-34.951717,1
283,862,-8.055402,-34.951717,1
284,866,-8.055402,-34.951717,1
285,868,-8.055402,-34.951717,1
286,871,-8.055402,-34.951717,1
287,872,-8.055402,-34.951717,1
288,877,-8.055402,-34.951717,1
289,879,-8.055402,-34.951717,1
290,881,-8.055402,-34.951717,1
291,883,-8.055402,-34.951717,1
292,906,-8.055402,-34.951717,1
293,908,-8.055402,-34.951717,1
294,914,-8.055402,-34.951717,1
295,921,-8.055402,-34.951717,1
296,927,-8.055402,-34.951717,1
297,932,-8.055402,-34.951717,1
298,934,-8.055402,-34.951717,1
299,940,-8.055402,-34.951717,1
300,947,-8.055402,-34.951717,1
301,952,-8.055402,-34.951717,1
302,957,-8.055402,-34.951717,1
303,958,-8.055402,-34.951717,1
304,960,-8.055402,-34.951717,1
305,964,-8.055402,-34.951717,1
306,965,-8.055402,-34.951717,1
307,967,-8.055402,-34.951717,1
308,970,-8.055402,-34.951717,1
309,971,-8.055402,-34.951717,1
310,982,-8.055402,-34.951717,1
311,994,-8.055402,-34.951717,1
312,996,-8.055402,-34.951717,1
313,997,-8.055402,-34.951717,1
314,1002,-8.055402,-34.951717,1
315,1005,-8.055402,-34.951717,1
316,1009,-8.055402,-34.951717,1
317,1010,-8.055402,-34.951717,1
318,1017,-8.055402,-34.951717,1
319,1018,-8.055402,-34.951717,1
320,1020,-8.055402,-34.951717,1
321,1022,-8.055402,-34.951717,1
322,1025,-8.055402,-34.951717,1
323,1027,-8.055402,-34.951717,1
324,1034,-8.055402,-34.951717,1
325,1038,-8.055402,-34.951717,1
326,1042,-8.055402,-34.951717,1
327,1044,-8.055402,-34.951717,1
328,1046,-8.055402,-34.951717,1
329,1052,-8.055402,-34.951717,1
330,1053,-8.055402,-34.951717,1
331,1055,-8.055402,-34.951717,1
332,1056,-8.055402,-34.951717,1
333,1057,-8.055402,-34.951717,1
334,1061,-8.055402,-34.951717,1
335,1068,-8.055402,-34.951717,1
336,1071,-8.055402,-34.951717,1
337,1074,-8.055402,-34.951717,1
338,1075,-8.055402,-34.951717,1
339,1076,-8.055402,-34.951717,1
340,1078,-8.055402,-34.951717,1
341,1084,-8.055402,-34.951717,1
342,1087,-8.055402,-34.951717,1
343,1090,-8.055402,-34.951717,1
344,1095,-8.055402,-34.951717,1
345,1101,-8.055402,-34.951717,1
346,1103,-8.055402,-34.951717,1
347,1107,-8.055402,-34.951717,1
348,1108,-8.055402,-34.951717,1
349,1111,-8.055402,-34.951717,1
350,1112,-8.055402,-34.951717,1
351,1115,-8.055402,-34.951717,1
352,1123,-8.055402,-34.951717,1
353,1126,-8.055402,-34.951717,1
354,1127,-8.055402,-34.951717,1
355,1139,-8.055402,-34.951717,1
356,1142,-8.055402,-34.951717,1
357,1144,-8.055402,-34.951717,1
358,1145,-8.055402,-34.951717,1
359,1147,-8.055402,-34.951717,1
360,1149,-8.055402,-34.951717,1
361,1152,-8.055402,-34.951717,1
362,1153,-8.055402,-34.951717,1
363,1155,-8.055402,-34.951717,1
364,1156,-8.055402,-34.951717,1
365,1157,-8.055402,-34.951717,1
366,1162,-8.055402,-34.951717,1
367,1163,-8.055402,-34.951717,1
368,1166,-8.055402,-34.951717,1
369,1168,-8.055402,-34.951717,1
370,1172,-8.055402,-34.951717,1
371,1175,-8.055402,-34.951717,1
372,1176,-8.055402,-34.951717,1
373,1180,-8.055402,-34.951717,1
374,1183,-8.055402,-34.951717,1
375,1188,-8.055402,-34.951717,1
376,1193,-8.055402,-34.951717,1
377,1194,-8.055402,-34.951717,1
378,1195,-8.055402,-34.951717,1
379,1197,-8.055402,-34.951717,1
380,1199,-8.055402,-34.951717,1
381,1201,-8.055402,-34.951717,1
382,1204,-8.055402,-34.951717,1
383,1210,-8.055402,-34.951717,1
384,1217,-8.055402,-34.951717,1
385,1219,-8.055402,-34.951717,1
386,1220,-8.055402,-34.951717,1
387,1222,-8.055402,-34.951717,1
388,1224,-8.055402,-34.951717,1
389,1226,-8.055402,-34.951717,1
390,1233,-8.055402,-34.951717,1
391,1244,-8.055402,-34.951717,1
392,1245,-8.055402,-34.951717,1
393,1247,-8.055402,-34.951717,1
394,1250,-8.055402,-34.951717,1
395,1253,-8.055402,-34.951717,1
396,1254,-8.055402,-34.951717,1
397,1261,-8.055402,-34.951717,1
398,1263,-8.055402,-34.951717,1
399,1277,-8.055402,-34.951717,1
400,1278,-8.055402,-34.951717,1
401,1281,-8.055402,-34.951717,1
402,1282,-8.055402,-34.951717,1
403,1285,-8.055402,-34.951717,1
404,1287,-8.055402,-34.951717,1
405,1295,-8.055402,-34.951717,1
406,1297,-8.055402,-34.951717,1
407,1298,-8.055402,-34.951717,1
408,1310,-8.055402,-34.951717,1
409,1313,-8.055402,-34.951717,1
410,1314,-8.055402,-34.951717,1
411,1315,-8.055402,-34.951717,1
412,1318,-8.055402,-34.951717,1
413,1320,-8.055402,-34.951717,1
414,1322,-8.055402,-34.951717,1
415,1323,-8.055402,-34.951717,1
416,1328,-8.055402,-34.951717,1
417,1329,-8.055402,-34.951717,1
418,1330,-8.055402,-34.951717,1
419,1334,-8.055402,-34.951717,1
420,1339,-8.055402,-34.951717,1
421,1345,-8.055402,-34.951717,1
422,1346,-8.055402,-34.951717,1
423,1349,-8.055402,-34.951717,1
424,1354,-8.055402,-34.951717,1
425,1355,-8.055402,-34.951717,1
426,1359,-8.055402,-34.951717,1
427,1360,-8.055402,-34.951717,1
428,1369,-8.055402,-34.951717,1
429,1372,-8.055402,-34.951717,1
430,1373,-8.055402,-34.951717,1
431,1374,-8.055402,-34.951717,1
432,1379,-8.055402,-34.951717,1
433,1383,-8.055402,-34.951717,1
434,1385,-8.055402,-34.951717,1
435,1393,-8.055402,-34.951717,1
436,1396,-8.055402,-34.951717,1
437,1400,-8.055402,-34.951717,1
438,1402,-8.055402,-34.951717,1
439,1405,-8.055402,-34.951717,1
440,1406,-8.055402,-34.951717,1
441,1413,-8.055402,-34.951717,1
442,1414,-8.055402,-34.951717,1
443,1416,-8.055402,-34.951717,1
444,1417,-8.055402,-34.951717,1
445,1418,-8.055402,-34.951717,1
446,1420,-8.055402,-34.9517,1
447,1421,-8.055402,-34.951717,1
448,1426,-8.055649,-34.951717,1
449,1427,-8.055402,-34.951717,1
450,1429,-8.055402,-34.951717,1
451,1430,-8.055402,-34.951717,1
452,1432,-8.055402,-34.951717,1
453,1437,-8.055402,-34.951717,1
454,1438,-8.055402,-34.951717,1
455,1443,-8.055402,-34.951717,1
456,1446,-8.055402,-34.951717,1
457,1452,-8.055402,-34.951717,1
458,1453,-8.055402,-34.951717,1
459,1456,-8.055402,-34.951717,1
460,1458,-8.055402,-34.951717,1
461,1465,-8.055402,-34.951717,1
462,1467,-8.055402,-34.951717,1
463,1468,-8.055402,-34.951717,1
464,1470,-8.055402,-34.951717,1
465,1472,-8.055402,-34.951717,1
466,1477,-8.055402,-34.951717,1
467,1479,-8.055402,-34.951717,1
468,1480,-8.055402,-34.951717,1
469,1482,-8.055402,-34.951717,1
470,1483,-8.055402,-34.951717,1
471,1488,-8.055402,-34.951717,1
472,1491,-8.055402,-34.951717,1
473,1496,-8.055402,-34.951717,1
474,1501,-8.055402,-34.951717,1
475,1502,-8.055402,-34.951717,1
476,1509,-8.055402,-34.951717,1
477,1512,-8.055434,-34.951633,1
478,1513,-8.055402,-34.951717,1
479,1516,-8.055402,-34.951717,1
480,1527,-8.055402,-34.951717,1
481,1530,-8.055402,-34.951717,1
482,1532,-8.055402,-34.951717,1
483,1533,-8.055402,-34.951717,1
484,1535,-8.055402,-34.951717,1
485,1536,-8.055402,-34.951717,1
486,1543,-8.055402,-34.951717,1
487,1544,-8.055402,-34.951717,1
488,1545,-8.055402,-34.951717,1
489,1550,-8.055402,-34.951717,1
490,1557,-8.055402,-34.951717,1
491,1558,-8.055402,-34.951717,1
492,1559,-8.055402,-34.951717,1
493,1561,-8.055402,-34.951717,1
494,1562,-8.055402,-34.951717,1
495,1568,-8.055402,-34.951717,1
496,1569,-8.055402,-34.951717,1
497,1570,-8.055402,-34.951717,1
498,1575,-8.055402,-34.951717,1
499,1576,-8.055402,-34.951717,1
500,1578,-8.055402,-34.951717,1
501,1586,-8.055402,-34.951717,1
502,1593,-8.055402,-34.951717,1
503,1595,-8.055402,-34.951717,1
504,1597,-8.055402,-34.951717,1
505,1598,-8.055402,-34.951717,1
506,1599,-8.055402,-34.951717,1
507,1603,-8.055402,-34.951717,1
508,1606,-8.055487,-34.951324,1
509,1608,-8.055487,-34.951324,1
510,1614,-8.055487,-34.95134,1
511,1615,-8.055487,-34.951324,1
512,1616,-8.055487,-34.951324,1
513,1617,-8.055487,-34.951324,1
514,1618,-8.055487,-34.951324,1
515,1623,-8.055487,-34.951324,1
516,1626,-8.055487,-34.951324,1
517,1631,-8.055487,-34.951324,1
518,1642,-8.055487,-34.951324,1
519,1643,-8.055487,-34.951324,1
520,1649,-8.055487,-34.951324,1
521,1650,-8.055487,-34.951324,1
522,1656,-8.055487,-34.951324,1
523,1659,-8.055487,-34.951324,1
524,1662,-8.055487,-34.951324,1
525,1665,-8.055559,-34.951183,1
526,1670,-8.05553,-34.951324,1
527,1671,-8.05553,-34.951324,1
528,1672,-8.05553,-34.951324,1
529,1680,-8.05553,-34.951324,1
530,1683,-8.05553,-34.951324,1
531,1684,-8.05553,-34.951324,1
532,1688,-8.05553,-34.951324,1
533,1691,-8.05553,-34.951324,1
534,1699,-8.055559,-34.951183,1
535,1701,-8.055487,-34.951183,1
536,1713,-8.055487,-34.951324,1
537,1718,-8.055487,-34.951324,1
538,1720,-8.055487,-34.951324,1
539,1721,-8.055487,-34.951324,1
540,1726,-8.055487,-34.951324,1
541,1728,-8.055487,-34.951324,1
542,1729,-8.055487,-34.951324,1
543,1730,-8.055487,-34.951324,1
544,1731,-8.055487,-34.951324,1
545,1732,-8.055487,-34.951324,1
546,1737,-8.055487,-34.951183,1
547,1738,-8.055487,-34.95134,1
548,1739,-8.055487,-34.951324,1
549,1740,-8.055487,-34.95134,1
550,1741,-8.055487,-34.95134,1
551,1743,-8.055487,-34.95134,1
552,1744,-8.055487,-34.95134,1
553,1745,-8.055487,-34.95134,1
554,1746,-8.055487,-34.95134,1
555,1747,-8.055487,-34.95134,1
556,1758,-8.055487,-34.95134,1
557,1760,-8.055487,-34.95134,1
558,1765,-8.055487,-34.95134,1
559,1768,-8.055487,-34.95134,1
560,1770,-8.055487,-34.95134,1
561,1775,-8.055487,-34.95134,1
562,1777,-8.055487,-34.95134,1
563,1780,-8.055487,-34.95134,1
564,1783,-8.055487,-34.95134,1
565,1785,-8.055559,-34.951183,1
566,1790,-8.055487,-34.95134,1
567,1791,-8.055487,-34.95134,1
568,1793,-8.055487,-34.95134,1
569,1794,-8.055487,-34.95134,1
570,1803,-8.055487,-34.95134,1
571,1805,-8.055487,-34.95134,1
572,1807,-8.055487,-34.95134,1
573,1817,-8.055487,-34.951324,1
574,1825,-8.055487,-34.95134,1
575,1832,-8.055487,-34.95134,1
576,1833,-8.055559,-34.951183,1
577,1835,-8.055487,-34.95134,1
578,1839,-8.055487,-34.95134,1
579,1840,-8.055487,-34.95134,1
580,1844,-8.055487,-34.95134,1
581,1851,-8.055487,-34.95134,1
582,1860,-8.055487,-34.95134,1
583,1862,-8.055487,-34.95134,1
584,1864,-8.055487,-34.95134,1
585,1877,-8.055487,-34.95134,1
586,1880,-8.055487,-34.95134,1
587,1888,-8.055487,-34.95134,1
588,1891,-8.055487,-34.95134,1
589,1897,-8.055487,-34.95134,1
590,1915,-8.055487,-34.95134,1
591,1918,-8.055487,-34.95134,1
592,1919,-8.055487,-34.95134,1
593,1921,-8.055487,-34.95134,1
594,1922,-8.055487,-34.95134,1
595,1928,-8.055487,-34.95134,1
596,1934,-8.055487,-34.95134,1
597,1937,-8.055487,-34.95134,1
598,1941,-8.055487,-34.95134,1
599,1945,-8.055487,-34.95134,1
600,1952,-8.055487,-34.95134,1
601,1954,-8.055487,-34.95134,1
602,1957,-8.055487,-34.95134,1
603,1962,-8.055487,-34.95134,1
604,1963,-8.055487,-34.95134,1
605,1965,-8.055487,-34.95134,1
606,1971,-8.055487,-34.95134,1
607,1978,-8.055487,-34.95134,1
608,1981,-8.055487,-34.95134,1
609,1982,-8.055487,-34.95134,1
610,1989,-8.055487,-34.95134,1
611,1992,-8.055487,-34.95134,1
612,1995,-8.055487,-34.95134,1
613,2002,-8.055487,-34.95134,1
614,2004,-8.055487,-34.95134,1
615,2006,-8.055487,-34.95134,1
616,2008,-8.055487,-34.95134,1
617,2012,-8.055487,-34.95134,1
618,2013,-8.055487,-34.95134,1
619,2018,-8.055487,-34.95134,1
620,2022,-8.055487,-34.95134,1
621,2025,-8.055487,-34.95134,1
622,2029,-8.055487,-34.95134,1
623,2034,-8.055487,-34.95134,1
624,2036,-8.055487,-34.95134,1
625,2045,-8.055487,-34.95134,1
626,2055,-8.055487,-34.95134,1
627,2057,-8.055487,-34.95134,1
628,2058,-8.055487,-34.95134,1
629,2063,-8.055487,-34.95134,1
630,2067,-8.055487,-34.95134,1
631,2072,-8.055487,-34.95134,1
632,2075,-8.055487,-34.95134,1
633,2083,-8.055487,-34.95134,1
634,2084,-8.055487,-34.95134,1
635,2087,-8.055487,-34.95134,1
636,2088,-8.055487,-34.95134,1
637,2089,-8.055515,-34.95134,1
638,2094,-8.055515,-34.95134,1
639,2098,-8.055515,-34.95134,1
640,2107,-8.055515,-34.95134,1
641,2108,-8.055515,-34.95134,1
642,2109,-8.055515,-34.95134,1
643,2110,-8.055515,-34.95134,1
644,2111,-8.055515,-34.95134,1
645,2114,-8.055515,-34.95134,1
646,2115,-8.055515,-34.95134,1
647,2121,-8.055515,-34.95134,1
648,2122,-8.055515,-34.95134,1
649,2124,-8.055515,-34.95134,1
650,2127,-8.055515,-34.95134,1
651,2128,-8.055515,-34.95134,1
652,2129,-8.055515,-34.95134,1
653,2131,-8.055515,-34.95134,1
654,2132,-8.055515,-34.95134,1
655,2133,-8.055515,-34.95134,1
656,2134,-8.055515,-34.95134,1
657,2138,-8.055515,-34.95134,1
658,2142,-8.055515,-34.95134,1
659,2145,-8.055515,-34.95134,1
660,2149,-8.055515,-34.95134,1
661,2150,-8.055515,-34.95134,1
662,2152,-8.055515,-34.95134,1
663,2154,-8.055515,-34.95134,1
664,2157,-8.055515,-34.95134,1
665,2164,-8.055515,-34.95134,1
666,2165,-8.055487,-34.95134,1
667,2166,-8.055487,-34.95134,1
668,2167,-8.055487,-34.95134,1
669,2168,-8.055487,-34.95134,1
670,2175,-8.055487,-34.95134,1
671,2177,-8.055487,-34.95134,1
672,2183,-8.055487,-34.95134,1
673,2189,-8.055487,-34.95134,1
674,2191,-8.055487,-34.95134,1
675,2199,-8.055487,-34.95134,1
676,2210,-8.055487,-34.95134,1
677,2213,-8.055487,-34.95134,1
678,2214,-8.055487,-34.95134,1
679,2215,-8.055487,-34.95134,1
680,2221,-8.055487,-34.95134,1
681,2223,-8.055487,-34.95134,1
682,2225,-8.055487,-34.95134,1
683,2227,-8.055487,-34.95134,1
684,2228,-8.055487,-34.95134,1
685,2231,-8.055487,-34.95134,1
686,2232,-8.055487,-34.95134,1
687,2233,-8.055487,-34.95134,1
688,2234,-8.055487,-34.95134,1
689,2239,-8.055487,-34.95134,1
690,2245,-8.055487,-34.95134,1
691,2246,-8.055487,-34.95134,1
692,2248,-8.055487,-34.95134,1
693,2249,-8.055487,-34.95134,1
694,2251,-8.055487,-34.95134,1
695,2252,-8.055487,-34.95134,1
696,2254,-8.055487,-34.95134,1
697,2260,-8.055487,-34.95134,1
698,2268,-8.055487,-34.95134,1
699,2270,-8.055487,-34.95134,1
700,2272,-8.055487,-34.95134,1
701,2273,-8.055487,-34.95134,1
702,2275,-8.055515,-34.95134,1
703,2276,-8.055487,-34.95134,1
704,2286,-8.055487,-34.95134,1
705,2287,-8.055487,-34.95134,1
706,2288,-8.055487,-34.95134,1
707,2291,-8.055487,-34.95134,1
708,2299,-8.055487,-34.95134,1
709,2301,-8.055487,-34.95134,1
710,2302,-8.055487,-34.95134,1
711,2303,-8.055487,-34.95134,1
712,2304,-8.055487,-34.95134,1
713,2310,-8.055487,-34.95134,1
714,2312,-8.055487,-34.95134,1
715,2316,-8.055487,-34.95134,1
716,2319,-8.055487,-34.95134,1
717,2321,-8.055487,-34.95134,1
718,2328,-8.055487,-34.95134,1
719,2335,-8.055487,-34.95134,1
720,2337,-8.055487,-34.95134,1
721,2344,-8.055487,-34.95134,1
722,2348,-8.055487,-34.95134,1
723,2351,-8.055487,-34.95134,1
724,2354,-8.055487,-34.95134,1
725,2358,-8.055487,-34.95134,1
726,2362,-8.055694,-34.951344,1
727,2373,-8.055694,-34.951344,1
728,2375,-8.055694,-34.951344,1
729,2377,-8.055694,-34.951344,1
730,2388,-8.055694,-34.951344,1
731,2389,-8.055694,-34.951344,1
732,2392,-8.055694,-34.951344,1
733,2399,-8.055694,-34.951344,1
734,2404,-8.055694,-34.951344,1
735,2407,-8.055694,-34.951344,1
736,2412,-8.055694,-34.951344,1
737,2413,-8.055694,-34.951344,1
738,2417,-8.055694,-34.951344,1
739,2420,-8.055694,-34.951344,1
740,2423,-8.055694,-34.951344,1
741,2436,-8.055694,-34.951344,1
742,2439,-8.055694,-34.951344,1
743,2441,-8.055694,-34.951344,1
744,2446,-8.055694,-34.951344,1
745,2447,-8.055694,-34.951344,1
746,2453,-8.055694,-34.951344,1
747,2455,-8.055694,-34.951344,1
748,2456,-8.055694,-34.951344,1
749,2458,-8.055694,-34.951344,1
750,2464,-8.055694,-34.951344,1
751,2465,-8.055694,-34.951344,1
752,2470,-8.055694,-34.951344,1
753,2471,-8.055694,-34.951344,1
754,2473,-8.055694,-34.951344,1
755,2478,-8.055694,-34.951344,1
756,2483,-8.055694,-34.951344,1
757,2484,-8.055694,-34.951344,1
758,2485,-8.055694,-34.951344,1
759,2492,-8.055694,-34.951344,1
760,2498,-8.055694,-34.951344,1
761,2510,-8.055694,-34.951344,1
762,2513,-8.055694,-34.951344,1
763,2515,-8.055694,-34.951344,1
764,2516,-8.055694,-34.951344,1
765,2517,-8.055694,-34.951344,1
766,2519,-8.055694,-34.951344,1
767,2522,-8.055694,-34.951344,1
768,2523,-8.055694,-34.951344,1
769,2526,-8.055694,-34.951344,1
770,2531,-8.055694,-34.951344,1
771,2533,-8.055694,-34.951344,1
772,2534,-8.055694,-34.951344,1
773,2540,-8.055694,-34.951344,1
774,2542,-8.055694,-34.951344,1
775,2543,-8.055694,-34.951344,1
776,2554,-8.055694,-34.951344,1
777,2569,-8.055694,-34.951344,1
778,2571,-8.055694,-34.951344,1
779,2574,-8.055694,-34.951344,1
780,2576,-8.055694,-34.951344,1
781,2586,-8.055694,-34.951344,1
782,2588,-8.055694,-34.951344,1
783,2592,-8.055694,-34.951344,1
784,2602,-8.055694,-34.951344,1
785,2603,-8.055694,-34.951344,1
786,2605,-8.055694,-34.951344,1
787,2609,-8.055694,-34.951344,1
788,2611,-8.055694,-34.951344,1
789,2614,-8.055694,-34.951344,1
790,2615,-8.055694,-34.951344,1
791,2619,-8.055694,-34.951344,1
792,2620,-8.055694,-34.951344,1
793,2627,-8.055694,-34.951344,1
794,2628,-8.055694,-34.951344,1
795,2638,-8.055694,-34.951344,1
796,2648,-8.055694,-34.951344,1
797,2650,-8.055694,-34.951344,1
798,2651,-8.055694,-34.951344,1
799,2663,-8.055694,-34.951344,1
800,2664,-8.055694,-34.951344,1
801,2673,-8.055694,-34.951344,1
802,2678,-8.055694,-34.951344,1
803,2680,-8.055694,-34.951344,1
804,2682,-8.055694,-34.951344,1
805,2683,-8.055694,-34.951344,1
806,2684,-8.055694,-34.951344,1
807,2685,-8.055694,-34.951344,1
808,2688,-8.055694,-34.951344,1
809,2689,-8.055694,-34.951344,1
810,2691,-8.055694,-34.951344,1
811,2692,-8.055694,-34.951344,1
812,2697,-8.055694,-34.951344,1
813,2698,-8.055694,-34.951344,1
814,2701,-8.055694,-34.951344,1
815,2707,-8.055694,-34.951344,1
816,2715,-8.055694,-34.951344,1
817,2718,-8.055694,-34.951344,1
818,2724,-8.055694,-34.951344,1
819,2726,-8.055694,-34.951344,1
820,2729,-8.055694,-34.951344,1
821,2737,-8.055694,-34.951344,1
822,2742,-8.055694,-34.951344,1
823,2748,-8.055694,-34.951344,1
824,2750,-8.055694,-34.951344,1
825,2751,-8.055694,-34.951344,1
826,2753,-8.055694,-34.951344,1
827,2754,-8.055694,-34.951344,1
828,2755,-8.055694,-34.951344,1
829,2758,-8.055694,-34.951344,1
830,2759,-8.055694,-34.951344,1
831,2760,-8.055694,-34.951344,1
832,2762,-8.055694,-34.951344,1
833,2766,-8.055694,-34.951344,1
834,2769,-8.055694,-34.951344,1
835,2770,-8.055694,-34.951344,1
836,2771,-8.055694,-34.951344,1
837,2777,-8.055694,-34.951344,1
838,2794,-8.055694,-34.951344,1
839,2802,-8.055694,-34.951344,1
840,2807,-8.055694,-34.951344,1
841,2816,-8.055694,-34.951344,1
842,2818,-8.055694,-34.951344,1
843,2820,-8.055694,-34.951344,1
844,2825,-8.055694,-34.951344,1
845,2826,-8.055694,-34.951344,1
846,2833,-8.055694,-34.951344,1
847,2835,-8.055694,-34.951344,1
848,2840,-8.055694,-34.951344,1
849,2846,-8.055694,-34.951344,1
850,2848,-8.055694,-34.951344,1
851,2855,-8.055694,-34.951344,1
852,2858,-8.055694,-34.951344,1
853,2859,-8.055694,-34.951344,1
854,2862,-8.055694,-34.951344,1
855,2864,-8.055694,-34.951344,1
856,2865,-8.055694,-34.951344,1
857,2867,-8.055694,-34.951344,1
858,2868,-8.055694,-34.951344,1
859,2870,-8.055694,-34.951344,1
860,2874,-8.055694,-34.951344,1
861,2876,-8.055694,-34.951344,1
862,2880,-8.055694,-34.951344,1
863,2882,-8.055694,-34.951344,1
864,2883,-8.055694,-34.951344,1
865,2884,-8.055694,-34.951344,1
866,2885,-8.055694,-34.951344,1
867,2886,-8.055694,-34.951344,1
868,2894,-8.055694,-34.951344,1
869,2903,-8.055694,-34.951344,1
870,2905,-8.055694,-34.951344,1
871,2906,-8.055694,-34.951344,1
872,2907,-8.055694,-34.951344,1
873,2908,-8.055694,-34.951344,1
874,2910,-8.055694,-34.951344,1
875,2913,-8.055694,-34.951344,1
876,2922,-8.055694,-34.951355,1
877,2926,-8.055694,-34.951355,1
878,2927,-8.055694,-34.951355,1
879,2930,-8.055694,-34.951355,1
880,2932,-8.055694,-34.951355,1
881,2935,-8.055694,-34.951355,1
882,2943,-8.055694,-34.951355,1
883,2945,-8.055694,-34.951355,1
884,2948,-8.055694,-34.951355,1
885,2954,-8.055694,-34.951355,1
886,2955,-8.055694,-34.951355,1
887,2956,-8.055694,-34.951355,1
888,2957,-8.055694,-34.951355,1
889,2960,-8.055694,-34.951344,1
890,2963,-8.055694,-34.951344,1
891,2968,-8.055694,-34.951344,1
892,2970,-8.055694,-34.951344,1
893,2973,-8.055694,-34.951344,1
894,2982,-8.055694,-34.951344,1
895,2991,-8.055694,-34.951344,1
896,2995,-8.055694,-34.951344,1
897,2997,-8.055694,-34.951344,1
898,3000,-8.055694,-34.951344,1
899,3001,-8.055694,-34.951344,1
900,3002,-8.055694,-34.951344,1
901,3006,-8.055694,-34.951344,1
902,3007,-8.055694,-34.951344,1
903,3011,-8.055694,-34.951344,1
904,3014,-8.055694,-34.951344,1
905,3016,-8.055694,-34.951344,1
906,3017,-8.055694,-34.951344,1
907,3018,-8.055694,-34.951344,1
908,3019,-8.055694,-34.951344,1
909,3021,-8.055694,-34.951344,1
910,3023,-8.055694,-34.951344,1
911,3024,-8.055694,-34.951344,1
912,3025,-8.055796,-34.951363,1
913,3026,-8.055796,-34.951363,1
914,3027,-8.055796,-34.951363,1
915,3031,-8.055796,-34.951363,1
916,3032,-8.055796,-34.951363,1
917,3033,-8.055796,-34.951363,1
918,3035,-8.055796,-34.951363,1
919,3037,-8.055796,-34.951363,1
920,3038,-8.055796,-34.951363,1
921,3043,-8.055796,-34.951363,1
922,3044,-8.055796,-34.951363,1
923,3045,-8.055796,-34.951363,1
924,3047,-8.055796,-34.951363,1
925,3050,-8.055796,-34.951363,1
926,3053,-8.055796,-34.951363,1
927,3055,-8.055796,-34.951363,1
928,3057,-8.055796,-34.951363,1
929,3058,-8.055796,-34.951363,1
930,3059,-8.055796,-34.951363,1
931,3060,-8.055796,-34.951363,1
932,3063,-8.055796,-34.951363,1
933,3064,-8.055796,-34.951363,1
934,3065,-8.055796,-34.951363,1
935,3070,-8.055796,-34.951363,1
936,3071,-8.055796,-34.951363,1
937,3077,-8.055796,-34.951363,1
938,3078,-8.055796,-34.951363,1
939,3079,-8.055796,-34.951363,1
940,3080,-8.055796,-34.951363,1
941,3082,-8.055796,-34.951363,1
942,3085,-8.055796,-34.951363,1
943,3090,-8.055796,-34.951363,1
944,3091,-8.055796,-34.951363,1
945,3094,-8.055796,-34.951363,1
946,3095,-8.055796,-34.951363,1
947,3100,-8.055796,-34.951363,1
948,3101,-8.055796,-34.951363,1
949,3105,-8.055796,-34.951363,1
950,3107,-8.055796,-34.951363,1
951,3111,-8.055796,-34.951363,1
952,3114,-8.055796,-34.951363,1
953,3118,-8.055796,-34.951363,1
954,3122,-8.055796,-34.951363,1
955,3123,-8.055796,-34.951363,1
956,3125,-8.055796,-34.951363,1
957,3127,-8.055796,-34.951363,1
958,3128,-8.055796,-34.951363,1
959,3130,-8.055796,-34.951363,1
960,3131,-8.055796,-34.951363,1
961,3133,-8.055796,-34.951363,1
962,3142,-8.055796,-34.951363,1
963,3143,-8.055796,-34.951363,1
964,3145,-8.055796,-34.951363,1
965,3146,-8.055796,-34.951363,1
966,3149,-8.055796,-34.951363,1
967,3151,-8.055796,-34.951363,1
968,3153,-8.055796,-34.951363,1
969,3154,-8.055796,-34.951363,1
970,3165,-8.055796,-34.951363,1
971,3172,-8.055796,-34.951363,1
972,3181,-8.055796,-34.951363,1
973,3184,-8.055796,-34.951363,1
974,3185,-8.055796,-34.951363,1
975,3187,-8.055796,-34.951363,1
976,3194,-8.055796,-34.951363,1
977,3202,-8.055796,-34.951363,1
978,3204,-8.055796,-34.951363,1
979,3205,-8.055796,-34.951363,1
980,3206,-8.055796,-34.951363,1
981,3207,-8.055796,-34.951363,1
982,3208,-8.055796,-34.951363,1
983,3209,-8.055796,-34.951363,1
984,3210,-8.055796,-34.951363,1
985,3231,-8.055796,-34.951363,1
986,3233,-8.055796,-34.951363,1
987,3238,-8.055767,-34.951363,1
988,3244,-8.055767,-34.951363,1
989,3245,-8.055767,-34.951363,1
990,3251,-8.055767,-34.951363,1
991,3257,-8.055767,-34.951363,1
992,3263,-8.055767,-34.951363,1
993,3265,-8.055767,-34.951363,1
994,3269,-8.055767,-34.951363,1
995,3279,-8.055767,-34.951363,1
996,3281,-8.055767,-34.951363,1
997,3282,-8.055767,-34.951363,1
998,3283,-8.055767,-34.951363,1
999,3284,-8.055767,-34.951363,1
1000,3290,-8.055767,-34.951363,1
1001,3295,-8.055767,-34.951374,1
1002,3297,-8.055767,-34.951374,1
1003,3298,-8.055767,-34.951374,1
1004,3299,-8.055767,-34.951374,1
1005,3305,-8.055767,-34.951374,1
1006,3307,-8.055767,-34.951374,1
1007,3309,-8.055767,-34.951374,1
1008,3312,-8.055767,-34.951374,1
1009,3314,-8.055767,-34.951374,1
1010,3316,-8.055767,-34.951374,1
1011,3319,-8.055767,-34.951374,1
1012,3320,-8.055767,-34.951374,1
1013,3325,-8.055767,-34.951374,1
1014,3328,-8.055767,-34.951374,1
1015,3329,-8.055767,-34.951374,1
1016,3333,-8.055767,-34.951374,1
1017,3334,-8.055767,-34.951374,1
1018,3337,-8.055767,-34.951374,1
1019,3344,-8.055767,-34.951374,1
1020,3350,-8.055767,-34.951374,1
1021,3353,-8.055767,-34.951374,1
1022,3355,-8.055767,-34.951374,1
1023,3375,-8.055767,-34.951374,1
1024,3378,-8.055767,-34.951374,1
1025,3379,-8.055767,-34.951374,1
1026,3381,-8.055767,-34.951374,1
1027,3383,-8.055767,-34.951374,1
1028,3387,-8.055767,-34.951374,1
1029,3392,-8.055767,-34.951374,1
1030,3393,-8.055767,-34.951374,1
1031,3396,-8.055767,-34.951374,1
1032,3400,-8.055767,-34.951374,1
1033,3401,-8.055767,-34.951374,1
1034,3405,-8.055767,-34.951374,1
1035,3410,-8.055767,-34.951374,1
1036,3412,-8.055767,-34.951374,1
1037,3413,-8.055767,-34.951374,1
1038,3418,-8.055767,-34.951374,1
1039,3422,-8.055767,-34.951374,1
1040,3424,-8.055767,-34.951374,1
1041,3428,-8.055767,-34.951374,1
1042,3433,-8.055767,-34.951374,1
1043,3434,-8.055767,-34.951374,1
1044,3437,-8.055767,-34.951374,1
1045,3438,-8.055767,-34.951374,1
1046,3443,-8.055767,-34.951374,1
1047,3448,-8.055767,-34.951374,1
1048,3455,-8.055767,-34.951374,1
1049,3457,-8.055767,-34.951374,1
1050,3458,-8.055767,-34.951374,1
1051,3459,-8.055767,-34.951374,1
1052,3460,-8.055767,-34.951374,1
1053,3463,-8.055767,-34.951374,1
1054,3464,-8.055767,-34.951374,1
1055,3465,-8.055767,-34.951374,1
1056,3467,-8.055767,-34.951374,1
1057,3469,-8.055767,-34.951374,1
1058,3470,-8.055767,-34.951374,1
1059,3473,-8.055767,-34.951374,1
1060,3481,-8.055767,-34.951374,1
1061,3482,-8.055767,-34.951374,1
1062,3495,-8.055767,-34.951374,1
1063,3497,-8.055767,-34.951374,1
1064,3501,-8.055767,-34.951374,1
1065,3502,-8.055767,-34.951374,1
1066,3509,-8.055767,-34.951374,1
1067,3518,-8.055767,-34.951374,1
1068,3526,-8.055767,-34.951374,1
1069,3527,-8.055767,-34.951374,1
1070,3528,-8.055767,-34.951374,1
1071,3529,-8.055767,-34.951374,1
1072,3532,-8.055767,-34.951374,1
1073,3533,-8.055767,-34.951374,1
1074,3534,-8.055767,-34.951374,1
1075,3535,-8.055767,-34.951374,1
1076,3538,-8.055767,-34.951374,1
1077,3541,-8.055767,-34.951374,1
1078,3542,-8.055767,-34.951374,1
1079,3543,-8.055767,-34.951374,1
1080,3548,-8.055767,-34.951374,1
1081,3550,-8.055767,-34.951374,1
1082,3555,-8.055767,-34.951374,1
1083,3566,-8.055767,-34.951374,1
1084,3570,-8.055767,-34.951374,1
1085,3574,-8.055767,-34.951374,1
1086,3577,-8.055767,-34.951374,1
1087,3578,-8.055767,-34.951374,1
1088,3582,-8.055767,-34.951374,1
1089,3592,-8.055767,-34.951374,1
1090,3593,-8.055767,-34.951374,1
1091,3597,-8.055767,-34.951374,1
1092,3601,-8.055767,-34.951374,1
1093,3605,-8.055767,-34.951374,1
1094,3608,-8.055767,-34.951374,1
1095,3609,-8.055767,-34.951374,1
1096,3614,-8.055767,-34.951374,1
1097,3615,-8.055767,-34.951374,1
1098,3617,-8.055767,-34.951374,1
1099,3621,-8.055767,-34.951374,1
1100,3624,-8.055767,-34.951374,1
1101,3625,-8.055767,-34.951374,1
1102,3639,-8.055767,-34.951374,1
1103,3643,-8.055767,-34.951374,1
1104,3647,-8.055415,-34.95159,1
1105,3649,-8.055415,-34.95159,1
1106,3651,-8.055415,-34.95159,1
1107,3653,-8.055415,-34.95159,1
1108,3656,-8.055415,-34.95159,1
1109,3661,-8.055415,-34.95159,1
1110,3662,-8.055415,-34.95159,1
1111,3666,-8.055415,-34.95159,1
1112,3677,-8.055415,-34.95159,1
1113,3685,-8.055415,-34.95159,1
1114,3686,-8.055415,-34.95159,1
1115,3688,-8.055415,-34.95159,1
1116,3689,-8.055415,-34.95159,1
1117,3692,-8.055415,-34.95159,1
1118,3693,-8.055415,-34.95159,1
1119,3698,-8.055415,-34.95159,1
1120,3703,-8.055415,-34.95159,1
1121,3704,-8.055415,-34.95159,1
1122,3706,-8.055415,-34.95159,1
1123,3707,-8.055415,-34.95159,1
1124,3708,-8.055415,-34.95159,1
1125,3710,-8.055415,-34.95159,1
1126,3717,-8.055415,-34.95159,1
1127,3720,-8.055415,-34.95159,1
1128,3721,-8.055415,-34.95159,1
1129,3723,-8.055415,-34.95159,1
1130,3739,-8.055415,-34.95159,1
1131,3742,-8.055415,-34.95159,1
1132,3745,-8.055415,-34.95159,1
1133,3746,-8.055415,-34.95159,1
1134,3749,-8.055415,-34.95159,1
1135,3753,-8.055415,-34.95159,1
1136,3755,-8.055415,-34.95159,1
1137,3767,-8.055415,-34.95159,1
1138,3768,-8.055415,-34.95159,1
1139,3771,-8.055415,-34.95159,1
1140,3772,-8.055415,-34.95159,1
1141,3773,-8.055415,-34.95159,1
1142,3774,-8.055415,-34.95159,1
1143,3776,-8.055415,-34.95159,1
1144,3777,-8.055415,-34.95159,1
1145,3780,-8.055415,-34.95159,1
1146,3781,-8.055415,-34.95159,1
1147,3782,-8.055415,-34.95159,1
1148,3784,-8.055415,-34.95159,1
1149,3787,-8.055415,-34.95159,1
1150,3794,-8.055415,-34.95159,1
1151,3799,-8.055415,-34.95159,1
1152,3803,-8.055415,-34.95159,1
1153,3817,-8.055415,-34.95159,1
1154,3819,-8.055415,-34.95159,1
1155,3820,-8.055415,-34.95159,1
1156,3826,-8.055415,-34.95159,1
1157,3827,-8.055415,-34.95159,1
1158,3834,-8.055415,-34.95159,1
1159,3837,-8.055415,-34.95159,1
1160,3838,-8.055415,-34.95159,1
1161,3842,-8.055415,-34.95159,1
1162,3846,-8.055415,-34.95159,1
1163,3852,-8.055415,-34.95159,1
1164,3853,-8.055415,-34.95159,1
1165,3855,-8.055415,-34.951603,1
1166,3857,-8.055415,-34.951603,1
1167,3859,-8.055415,-34.951603,1
1168,3860,-8.055415,-34.951603,1
1169,3862,-8.055415,-34.951603,1
1170,3869,-8.055415,-34.951603,1
1171,3880,-8.055415,-34.951603,1
1172,3885,-8.055415,-34.951603,1
1173,3887,-8.055415,-34.951603,1
1174,3889,-8.055415,-34.951603,1
1175,3891,-8.055415,-34.951603,1
1176,3894,-8.055415,-34.951603,1
1177,3898,-8.055415,-34.951603,1
1178,3902,-8.055415,-34.951603,1
1179,3903,-8.055415,-34.951603,1
1180,3905,-8.055415,-34.95159,1
1181,3909,-8.055415,-34.951603,1
1182,3910,-8.055415,-34.951603,1
1183,3914,-8.055415,-34.951603,1
1184,3934,-8.055415,-34.951603,1
1185,3937,-8.055415,-34.951603,1
1186,3941,-8.055415,-34.951603,1
1187,3942,-8.055415,-34.951603,1
1188,3945,-8.055415,-34.951603,1
1189,3946,-8.055415,-34.951603,1
1190,3949,-8.055415,-34.951603,1
1191,3956,-8.055415,-34.951603,1
1192,3960,-8.055415,-34.951603,1
1193,3963,-8.055415,-34.951603,1
1194,3964,-8.055415,-34.951603,1
1195,3971,-8.055415,-34.95159,1
1196,3973,-8.055415,-34.95159,1
1197,3979,-8.055415,-34.95159,1
1198,3984,-8.055415,-34.95159,1
1199,3989,-8.055415,-34.951603,1
1200,3992,-8.055415,-34.951603,1
1201,3994,-8.055415,-34.95159,1
1202,3995,-8.055415,-34.951603,1
1203,3997,-8.055415,-34.951603,1
1204,3999,-8.055415,-34.951603,1
1205,4001,-8.055415,-34.951603,1
1206,4002,-8.055415,-34.951603,1
1207,4003,-8.055415,-34.951603,1
1208,4004,-8.055415,-34.951603,1
1209,4007,-8.055415,-34.951603,1
1210,4010,-8.055415,-34.951603,1
1211,4012,-8.055415,-34.951603,1
1212,4022,-8.055415,-34.951603,1
1213,4028,-8.055415,-34.951603,1
1214,4029,-8.055415,-34.951603,1
1215,4030,-8.055415,-34.951603,1
1216,4032,-8.055415,-34.951603,1
1217,4035,-8.055415,-34.951603,1
1218,4038,-8.055415,-34.951603,1
1219,4043,-8.055415,-34.951603,1
1220,4046,-8.055415,-34.951603,1
1221,4047,-8.055415,-34.951603,1
1222,4050,-8.055415,-34.951603,1
1223,4056,-8.055415,-34.951603,1
1224,4057,-8.055415,-34.951603,1
1225,4058,-8.055415,-34.951603,1
1226,4060,-8.055415,-34.951603,1
1227,4062,-8.055415,-34.951603,1
1228,4064,-8.055415,-34.951603,1
1229,4067,-8.055415,-34.951603,1
1230,4075,-8.055415,-34.951603,1
1231,4076,-8.055415,-34.951603,1
1232,4077,-8.055415,-34.951603,1
1233,4078,-8.055415,-34.951603,1
1234,4080,-8.055415,-34.951603,1
1235,4085,-8.055415,-34.951603,1
1236,4087,-8.055415,-34.951603,1
1237,4091,-8.055415,-34.951603,1
1238,4092,-8.055415,-34.951603,1
1239,4099,-8.055415,-34.951603,1
1240,4100,-8.055415,-34.951603,1
1241,4102,-8.055415,-34.951603,1
1242,4103,-8.055415,-34.951603,1
1243,4110,-8.055415,-34.951603,1
1244,4112,-8.055415,-34.951603,1
1245,4113,-8.055415,-34.951603,1
1246,4115,-8.055415,-34.951603,1
1247,4119,-8.055415,-34.951603,1
1248,4121,-8.055415,-34.951603,1
1249,4127,-8.055415,-34.951603,1
1250,4129,-8.055415,-34.951603,1
1251,4140,-8.055415,-34.951603,1
1252,4141,-8.055415,-34.951603,1
1253,4148,-8.055415,-34.951603,1
1254,4151,-8.055415,-34.951603,1
1255,4156,-8.055415,-34.951603,1
1256,4157,-8.055415,-34.951603,1
1257,4161,-8.055415,-34.951603,1
1258,4162,-8.055415,-34.951603,1
1259,4165,-8.055415,-34.951603,1
1260,4169,-8.055415,-34.951603,1
1261,4176,-8.055415,-34.951603,1
1262,4185,-8.055415,-34.951603,1
1263,4189,-8.055415,-34.951603,1
1264,4190,-8.055415,-34.951603,1
1265,4191,-8.055415,-34.951603,1
1266,4192,-8.055415,-34.951603,1
1267,4194,-8.055415,-34.951603,1
1268,4196,-8.055415,-34.951603,1
1269,4201,-8.055415,-34.951603,1
1270,4202,-8.055415,-34.951603,1
1271,4205,-8.055415,-34.951603,1
1272,4209,-8.055415,-34.951603,1
1273,4215,-8.055415,-34.951603,1
1274,4217,-8.055415,-34.95159,1
1275,4220,-8.055415,-34.951603,1
1276,4222,-8.055415,-34.951603,1
1277,4226,-8.055415,-34.951603,1
1278,4229,-8.055415,-34.951603,1
1279,4230,-8.055415,-34.951603,1
1280,4233,-8.055415,-34.951603,1
1281,4237,-8.055415,-34.951603,1
1282,4238,-8.055415,-34.951603,1
1283,4239,-8.055415,-34.951603,1
1284,4245,-8.055415,-34.951603,1
1285,4246,-8.055415,-34.951603,1
1286,4248,-8.055415,-34.951603,1
1287,4250,-8.055415,-34.951603,1
1288,4252,-8.055415,-34.951603,1
1289,4254,-8.055415,-34.951603,1
1290,4264,-8.055415,-34.951603,1
1291,4267,-8.055415,-34.951603,1
1292,4273,-8.055415,-34.951603,1
1293,4275,-8.055415,-34.951603,1
1294,4279,-8.055415,-34.951603,1
1295,4284,-8.055415,-34.951603,1
1296,4288,-8.055415,-34.951603,1
1297,4295,-8.055415,-34.951603,1
1298,4296,-8.055415,-34.951603,1
1299,4301,-8.055415,-34.951603,1
1300,4303,-8.055415,-34.951603,1
1301,4304,-8.055415,-34.951603,1
1302,4306,-8.055415,-34.951603,1
1303,4313,-8.055415,-34.951603,1
1304,4317,-8.055415,-34.951603,1
1305,4319,-8.055415,-34.951603,1
1306,4321,-8.055415,-34.951603,1
1307,4323,-8.055415,-34.951603,1
1308,4326,-8.055415,-34.951603,1
1309,4329,-8.055415,-34.951603,1
1310,4333,-8.055415,-34.951603,1
1311,4335,-8.055415,-34.951603,1
1312,4336,-8.055415,-34.951603,1
1313,4337,-8.055415,-34.951603,1
1314,4338,-8.055415,-34.951603,1
1315,4339,-8.055415,-34.951603,1
1316,4341,-8.055415,-34.951603,1
1317,4342,-8.055415,-34.951603,1
1318,4343,-8.055415,-34.951603,1
1319,4345,-8.055415,-34.951603,1
1320,4348,-8.055415,-34.951603,1
1321,4352,-8.055415,-34.951603,1
1322,4353,-8.055434,-34.951603,1
1323,4355,-8.055415,-34.951603,1
1324,4359,-8.055415,-34.951603,1
1325,4362,-8.055415,-34.951603,1
1326,4366,-8.055415,-34.951603,1
1327,4367,-8.055415,-34.951603,1
1328,4368,-8.055415,-34.951603,1
1329,4371,-8.055415,-34.951603,1
1330,4372,-8.055415,-34.951603,1
1331,4374,-8.055415,-34.951603,1
1332,4377,-8.055514,-34.95165,1
1333,4382,-8.055514,-34.95165,1
1334,4385,-8.055514,-34.95165,1
1335,4386,-8.055514,-34.95165,1
1336,4387,-8.055514,-34.95165,1
1337,4392,-8.055514,-34.95165,1
1338,4393,-8.055514,-34.95165,1
1339,4394,-8.055514,-34.95165,1
1340,4397,-8.055514,-34.95165,1
1341,4401,-8.055514,-34.95165,1
1342,4407,-8.055514,-34.95165,1
1343,4411,-8.055514,-34.95165,1
1344,4412,-8.055514,-34.95165,1
1345,4414,-8.055514,-34.95165,1
1346,4415,-8.055514,-34.95165,1
1347,4420,-8.055514,-34.95165,1
1348,4423,-8.055514,-34.95165,1
1349,4427,-8.055514,-34.95165,1
1350,4428,-8.055514,-34.95165,1
1351,4429,-8.055514,-34.95165,1
1352,4436,-8.055514,-34.95165,1
1353,4441,-8.055514,-34.95165,1
1354,4447,-8.055514,-34.95165,1
1355,4450,-8.055514,-34.95165,1
1356,4463,-8.055514,-34.95165,1
1357,4464,-8.055514,-34.95165,1
1358,4466,-8.055514,-34.95165,1
1359,4467,-8.055514,-34.95165,1
1360,4469,-8.055514,-34.95165,1
1361,4472,-8.055514,-34.95165,1
1362,4474,-8.055514,-34.95165,1
1363,4475,-8.055514,-34.95165,1
1364,4483,-8.055514,-34.95165,1
1365,4484,-8.055514,-34.95165,1
1366,4489,-8.055514,-34.95165,1
1367,4503,-8.055514,-34.95165,1
1368,4504,-8.055514,-34.95165,1
1369,4509,-8.055514,-34.95165,1
1370,4513,-8.055514,-34.95165,1
1371,4514,-8.055514,-34.95165,1
1372,4518,-8.055514,-34.95165,1
1373,4522,-8.055514,-34.95165,1
1374,4525,-8.055514,-34.95165,1
1375,4527,-8.055514,-34.95165,1
1376,4528,-8.055514,-34.95165,1
1377,4532,-8.055514,-34.95165,1
1378,4533,-8.055514,-34.95165,1
1379,4534,-8.055514,-34.95165,1
1380,4535,-8.055514,-34.95165,1
1381,4537,-8.055514,-34.95165,1
1382,4539,-8.055514,-34.95165,1
1383,4541,-8.055514,-34.95165,1
1384,4549,-8.055514,-34.95165,1
1385,4553,-8.055514,-34.95165,1
1386,4554,-8.055514,-34.95165,1
1387,4556,-8.055514,-34.95165,1
1388,4560,-8.055514,-34.95165,1
1389,4567,-8.055514,-34.95165,1
1390,4572,-8.055514,-34.95165,1
1391,4574,-8.055514,-34.95165,1
1392,4575,-8.055514,-34.95165,1
1393,4580,-8.055514,-34.95165,1
1394,4582,-8.055514,-34.95165,1
1395,4584,-8.055514,-34.95165,1
1396,4586,-8.055514,-34.95165,1
1397,4587,-8.055514,-34.95165,1
1398,4588,-8.055514,-34.95165,1
1399,4593,-8.055514,-34.95165,1
1400,4597,-8.055514,-34.95165,1
1401,4602,-8.055514,-34.95165,1
1402,4604,-8.055514,-34.95165,1
1403,4606,-8.055514,-34.95165,1
1404,4608,-8.055514,-34.95165,1
1405,4609,-8.055514,-34.95165,1
1406,4610,-8.055514,-34.95165,1
1407,4613,-8.055514,-34.95165,1
1408,4617,-8.055514,-34.95165,1
1409,4618,-8.055514,-34.95165,1
1410,4622,-8.055514,-34.95165,1
1411,4623,-8.055514,-34.95165,1
1412,4626,-8.055514,-34.95165,1
1413,4629,-8.055514,-34.95165,1
1414,4630,-8.055514,-34.95165,1
1415,4634,-8.055514,-34.95165,1
1416,4635,-8.055514,-34.95165,1
1417,4638,-8.05558,-34.95165,1
1418,4639,-8.05558,-34.95165,1
1419,4640,-8.05558,-34.95165,1
1420,4645,-8.05558,-34.95165,1
1421,4649,-8.05558,-34.95165,1
1422,4651,-8.05558,-34.95165,1
1423,4657,-8.05558,-34.95165,1
1424,4671,-8.05558,-34.95165,1
1425,4680,-8.05558,-34.95165,1
1426,4681,-8.05558,-34.95165,1
1427,4682,-8.05558,-34.95165,1
1428,4693,-8.05558,-34.95165,1
1429,4695,-8.05558,-34.95165,1
1430,4696,-8.05558,-34.95165,1
1431,4700,-8.05558,-34.95165,1
1432,4701,-8.05558,-34.95165,1
1433,4704,-8.05558,-34.95165,1
1434,4706,-8.05558,-34.95165,1
1435,4707,-8.05558,-34.95165,1
1436,4708,-8.05558,-34.95165,1
1437,4709,-8.05558,-34.95165,1
1438,4710,-8.05558,-34.95165,1
1439,4715,-8.055514,-34.95165,1
1440,4730,-8.055514,-34.95165,1
1441,4731,-8.055514,-34.95165,1
1442,4734,-8.05548,-34.95165,1
1443,4738,-8.055514,-34.95165,1
1444,4740,-8.055514,-34.951637,1
1445,4747,-8.055514,-34.951637,1
1446,4750,-8.055514,-34.951637,1
1447,4751,-8.055514,-34.951637,1
1448,4755,-8.055514,-34.951637,1
1449,4756,-8.055514,-34.951637,1
1450,4759,-8.055514,-34.951637,1
1451,4765,-8.055514,-34.951637,1
1452,4766,-8.055514,-34.951637,1
1453,4770,-8.055514,-34.951637,1
1454,4773,-8.055514,-34.95165,1
1455,4775,-8.055514,-34.95165,1
1456,4779,-8.055565,-34.95165,1
1457,4782,-8.055565,-34.952404,1
1458,4786,-8.055531,-34.95165,1
1459,4793,-8.055531,-34.95165,1
1460,4794,-8.055531,-34.95165,1
1461,4797,-8.055531,-34.95165,1
1462,4801,-8.055531,-34.95165,1
1463,4802,-8.055531,-34.95165,1
1464,4803,-8.055531,-34.95165,1
1465,4807,-8.055531,-34.95165,1
1466,4812,-8.055531,-34.95165,1
1467,4813,-8.055531,-34.95165,1
1468,4816,-8.055531,-34.95165,1
1469,4822,-8.055531,-34.95165,1
1470,4826,-8.055531,-34.95165,1
1471,4827,-8.055531,-34.95165,1
1472,4828,-8.055531,-34.95165,1
1473,4830,-8.055531,-34.95165,1
1474,4833,-8.055531,-34.95165,1
1475,4834,-8.055531,-34.95165,1
1476,4836,-8.055559,-34.95165,1
1477,4838,-8.055625,-34.95165,1
1478,4842,-8.055625,-34.95165,1
1479,4843,-8.055625,-34.95165,1
1480,4844,-8.055596,-34.95165,1
1481,4845,-8.055625,-34.95165,1
1482,4848,-8.055625,-34.95165,1
1483,4861,-8.055625,-34.95165,1
1484,4864,-8.055596,-34.95165,1
1485,4867,-8.055596,-34.95165,1
1486,4868,-8.055596,-34.95165,1
1487,4872,-8.055596,-34.95165,1
1488,4880,-8.055596,-34.95165,1
1489,4881,-8.055596,-34.95165,1
1490,4890,-8.055546,-34.95165,1
1491,4894,-8.055546,-34.95165,1
1492,4898,-8.055546,-34.95165,1
1493,4899,-8.055546,-34.95165,1
1494,4900,-8.055546,-34.95165,1
1495,4901,-8.055546,-34.95165,1
1496,4902,-8.055546,-34.95165,1
1497,4905,-8.055546,-34.95165,1
1498,4907,-8.055546,-34.95165,1
1499,4908,-8.055546,-34.95165,1
1500,4913,-8.055546,-34.95165,1
1501,4914,-8.055546,-34.95165,1
1502,4921,-8.05558,-34.95165,1
1503,4923,-8.05558,-34.95165,1
1504,4924,-8.05558,-34.95165,1
1505,4925,-8.05558,-34.95165,1
1506,4929,-8.05558,-34.95165,1
1507,4932,-8.05558,-34.95165,1
1508,4934,-8.05558,-34.95165,1
1509,4949,-8.055609,-34.95165,1
1510,4950,-8.055609,-34.95165,1
1511,4952,-8.05558,-34.95165,1
1512,4961,-8.055609,-34.95165,1
1513,4963,-8.055609,-34.95165,1
1514,4977,-8.055609,-34.95165,1
1515,4981,-8.055609,-34.95165,1
1516,4982,-8.055609,-34.95165,1
1517,4983,-8.055609,-34.95165,1
1518,4988,-8.055574,-34.95165,1
1519,4989,-8.055609,-34.95165,1
1520,4993,-8.055574,-34.95165,1
1521,4995,-8.055574,-34.95165,1
1522,4996,-8.055574,-34.95165,1
1523,5011,-8.055574,-34.95165,1
1524,5012,-8.055574,-34.95165,1
1525,5013,-8.055574,-34.95165,1
1526,5015,-8.055574,-34.95165,1
1527,5019,-8.055703,-34.951622,1
1528,5021,-8.055703,-34.951622,1
1529,5022,-8.055703,-34.951622,1
1530,5023,-8.055703,-34.951622,1
1531,5026,-8.055703,-34.951622,1
1532,5027,-8.055703,-34.951622,1
1533,5028,-8.055703,-34.951622,1
1534,5030,-8.055703,-34.951622,1
1535,5032,-8.055546,-34.95165,1
1536,5033,-8.055546,-34.95165,1
1537,5034,-8.055546,-34.95165,1
1538,5035,-8.055546,-34.95165,1
1539,5040,-8.055546,-34.95165,1
1540,5048,-8.055546,-34.95165,1
1541,5053,-8.055546,-34.95165,1
1542,5058,-8.05548,-34.95165,1
1543,5060,-8.05548,-34.95165,1
1544,5064,-8.055546,-34.95165,1
1545,5065,-8.055546,-34.95165,1
1546,5067,-8.055546,-34.95165,1
1547,5071,-8.055751,-34.951622,1
1548,5074,-8.055751,-34.951622,1
1549,5076,-8.055751,-34.951622,1
1550,5082,-8.055751,-34.951622,1
1551,5092,-8.055751,-34.951622,1
1552,5095,-8.055751,-34.951622,1
1553,5096,-8.055751,-34.951622,1
1554,5098,-8.055751,-34.951622,1
1555,5111,-8.055751,-34.951622,1
1556,5112,-8.055751,-34.951622,1
1557,5114,-8.055751,-34.951622,1
1558,5120,-8.055751,-34.951622,1
1559,5135,-8.055751,-34.951622,1
1560,5137,-8.055751,-34.951622,1
1561,5140,-8.055751,-34.951622,1
1562,5143,-8.055751,-34.951622,1
1563,5144,-8.055751,-34.951622,1
1564,5145,-8.055751,-34.951622,1
1565,5146,-8.055751,-34.951622,1
1566,5152,-8.055751,-34.951622,1
1567,5155,-8.055751,-34.951622,1
1568,5156,-8.055751,-34.951622,1
1569,5157,-8.055751,-34.951622,1
1570,5162,-8.055751,-34.951622,1
1571,5164,-8.055751,-34.951622,1
1572,5167,-8.055751,-34.951622,1
1573,5171,-8.055751,-34.951622,1
1574,5180,-8.055751,-34.951622,1
1575,5183,-8.055751,-34.951622,1
1576,5186,-8.055751,-34.951622,1
1577,5192,-8.055751,-34.951622,1
1578,5193,-8.055751,-34.951622,1
1579,5197,-8.055751,-34.951622,1
1580,5205,-8.055751,-34.951622,1
1581,5206,-8.055751,-34.951622,1
1582,5211,-8.055751,-34.951622,1
1583,5213,-8.055751,-34.951622,1
1584,5214,-8.055751,-34.951622,1
1585,5215,-8.055751,-34.951622,1
1586,5216,-8.055751,-34.951622,1
1587,5217,-8.055751,-34.951622,1
1588,5221,-8.055751,-34.951622,1
1589,5224,-8.055751,-34.951622,1
1590,5226,-8.055751,-34.951622,1
1591,5228,-8.055751,-34.951622,1
1592,5229,-8.055751,-34.951622,1
1593,5234,-8.055751,-34.951622,1
1594,5244,-8.055751,-34.951622,1
1595,5245,-8.055751,-34.951622,1
1596,5246,-8.055751,-34.951622,1
1597,5247,-8.055751,-34.951622,1
1598,5254,-8.055751,-34.951622,1
1599,5257,-8.055751,-34.951622,1
1600,5262,-8.055751,-34.951622,1
1601,5264,-8.055751,-34.951622,1
1602,5266,-8.055751,-34.951622,1
1603,5271,-8.055751,-34.951622,1
1604,5274,-8.055751,-34.951622,1
1605,5277,-8.055751,-34.951622,1
1606,5278,-8.055751,-34.951622,1
1607,5281,-8.055751,-34.951622,1
1608,5282,-8.055751,-34.951622,1
1609,5283,-8.055751,-34.951622,1
1610,5284,-8.055751,-34.951622,1
1611,5288,-8.055751,-34.951622,1
1612,5289,-8.055751,-34.951622,1
1613,5290,-8.055751,-34.951622,1
1614,5292,-8.055751,-34.951622,1
1615,5296,-8.055751,-34.951622,1
1616,5300,-8.055751,-34.951622,1
1617,5303,-8.055751,-34.951622,1
1618,5306,-8.055751,-34.951622,1
1619,5307,-8.055751,-34.951622,1
1620,5308,-8.055751,-34.951622,1
1621,5312,-8.055751,-34.951622,1
1622,5314,-8.055751,-34.951622,1
1623,5318,-8.055751,-34.951622,1
1624,5321,-8.055751,-34.951622,1
1625,5323,-8.055751,-34.951622,1
1626,5324,-8.055751,-34.951622,1
1627,5328,-8.055751,-34.951622,1
1628,5336,-8.055751,-34.951622,1
1629,5338,-8.055751,-34.951622,1
1630,5339,-8.055751,-34.951622,1
1631,5340,-8.055751,-34.951622,1
1632,5349,-8.055751,-34.951622,1
1633,5350,-8.055751,-34.951622,1
1634,5353,-8.055751,-34.951622,1
1635,5354,-8.055751,-34.951622,1
1636,5357,-8.055751,-34.951622,1
1637,5358,-8.055751,-34.951622,1
1638,5360,-8.055751,-34.951622,1
1639,5361,-8.055751,-34.951622,1
1640,5362,-8.055751,-34.951622,1
1641,5364,-8.055751,-34.951622,1
1642,5365,-8.055751,-34.951622,1
1643,5368,-8.055751,-34.951622,1
1644,5371,-8.055751,-34.951622,1
1645,5375,-8.055751,-34.951622,1
1646,5377,-8.055751,-34.951622,1
1647,5378,-8.055751,-34.951622,1
1648,5379,-8.055751,-34.951622,1
1649,5381,-8.055751,-34.951622,1
1650,5384,-8.055751,-34.951622,1
1651,5386,-8.055751,-34.951622,1
1652,5388,-8.055751,-34.951622,1
1653,5389,-8.055751,-34.951622,1
1654,5391,-8.055751,-34.951622,1
1655,5396,-8.055751,-34.951622,1
1656,5399,-8.055751,-34.951622,1
1657,5400,-8.055751,-34.951622,1
1658,5402,-8.055751,-34.951622,1
1659,5404,-8.055751,-34.951622,1
1660,5405,-8.055751,-34.951622,1
1661,5407,-8.055751,-34.951622,1
1662,5414,-8.055751,-34.951622,1
1663,5417,-8.055751,-34.951622,1
1664,5418,-8.055751,-34.951622,1
1665,5419,-8.055749,-34.951622,1
1666,5425,-8.055751,-34.951622,1
1667,5426,-8.055751,-34.951622,1
1668,5427,-8.055751,-34.951622,1
1669,5430,-8.055751,-34.951622,1
1670,5431,-8.055751,-34.951622,1
1671,5434,-8.055751,-34.951622,1
1672,5436,-8.055751,-34.951622,1
1673,5437,-8.055751,-34.951622,1
1674,5447,-8.055751,-34.951622,1
1675,5457,-8.055751,-34.951622,1
1676,5458,-8.055751,-34.951622,1
1677,5459,-8.055751,-34.951622,1
1678,5460,-8.055751,-34.951622,1
1679,5464,-8.055751,-34.951622,1
1680,5465,-8.055751,-34.951622,1
1681,5471,-8.055751,-34.951622,1
1682,5473,-8.055751,-34.951622,1
1683,5478,-8.055751,-34.951622,1
1684,5479,-8.055751,-34.951622,1
1685,5484,-8.055751,-34.951622,1
1686,5487,-8.055751,-34.951622,1
1687,5489,-8.055751,-34.951622,1
1688,5492,-8.055751,-34.951622,1
1689,5493,-8.055751,-34.951622,1
1690,5496,-8.055751,-34.951622,1
1691,5500,-8.055751,-34.951622,1
1692,5502,-8.055751,-34.951622,1
1693,5506,-8.055751,-34.951622,1
1694,5508,-8.055751,-34.951622,1
1695,5529,-8.055751,-34.951622,1
1696,5531,-8.055751,-34.951622,1
1697,5537,-8.055751,-34.951622,1
1698,5538,-8.055751,-34.951622,1
1699,5544,-8.055751,-34.951622,1
1700,5547,-8.055782,-34.951622,1
1701,5551,-8.055751,-34.951622,1
1702,5556,-8.055782,-34.951622,1
1703,5558,-8.055782,-34.951622,1
1704,5559,-8.055782,-34.951622,1
1705,5564,-8.055782,-34.951622,1
1706,5566,-8.055782,-34.951622,1
1707,5573,-8.055782,-34.951622,1
1708,5576,-8.055782,-34.951622,1
1709,5579,-8.055782,-34.951622,1
1710,5580,-8.055782,-34.951622,1
1711,5581,-8.055749,-34.951622,1
1712,5583,-8.055749,-34.951622,1
1713,5587,-8.055749,-34.951622,1
1714,5609,-8.055749,-34.951622,1
1715,5610,-8.055782,-34.951622,1
1716,5612,-8.055749,-34.951622,1
1717,5613,-8.055751,-34.951622,1
1718,5614,-8.055751,-34.951622,1
1719,5615,-8.055751,-34.951622,1
1720,5616,-8.055751,-34.951622,1
1721,5623,-8.055751,-34.951622,1
1722,5628,-8.055751,-34.951622,1
1723,5634,-8.055751,-34.951622,1
1724,5635,-8.055751,-34.951622,1
1725,5640,-8.055751,-34.951622,1
1726,5641,-8.055751,-34.951622,1
1727,5642,-8.055751,-34.951622,1
1728,5646,-8.055751,-34.951622,1
1729,5649,-8.055751,-34.951622,1
1730,5651,-8.055751,-34.951622,1
1731,5652,-8.055751,-34.951622,1
1732,5662,-8.055751,-34.951622,1
1733,5663,-8.055751,-34.951622,1
1734,5664,-8.055751,-34.951622,1
1735,5666,-8.055751,-34.951622,1
1736,5676,-8.055751,-34.951622,1
1737,5679,-8.055751,-34.951622,1
1738,5694,-8.055751,-34.951622,1
1739,5700,-8.055751,-34.951622,1
1740,5708,-8.055751,-34.951622,1
1741,5711,-8.055751,-34.951622,1
1742,5714,-8.055751,-34.951622,1
1743,5722,-8.055751,-34.951622,1
1744,5727,-8.055751,-34.951622,1
1745,5728,-8.0555935,-34.95165,1
1746,5730,-8.055751,-34.951622,1
1747,5731,-8.055751,-34.951622,1
1748,5733,-8.055751,-34.951622,1
1749,5735,-8.055751,-34.951622,1
1750,5736,-8.055751,-34.951622,1
1751,5737,-8.055751,-34.951622,1
1752,5739,-8.055751,-34.951622,1
1753,5746,-8.055751,-34.951622,1
1754,5754,-8.055751,-34.951622,1
1755,5758,-8.055751,-34.951622,1
1756,5763,-8.055751,-34.951622,1
1757,5768,-8.055751,-34.951622,1
1758,5769,-8.055751,-34.951622,1
1759,5770,-8.055751,-34.951622,1
1760,5780,-8.055751,-34.951622,1
1761,5786,-8.055751,-34.951622,1
1762,5787,-8.055751,-34.951622,1
1763,5792,-8.055751,-34.951622,1
1764,5794,-8.055751,-34.951622,1
1765,5798,-8.055751,-34.951622,1
1766,5807,-8.055751,-34.951622,1
1767,5815,-8.055751,-34.951622,1
1768,5816,-8.055751,-34.951622,1
1769,5819,-8.055751,-34.951622,1
1770,5821,-8.055751,-34.951622,1
1771,5822,-8.055751,-34.951622,1
1772,5828,-8.055751,-34.951622,1
1773,5829,-8.055751,-34.951622,1
1774,5830,-8.055751,-34.951622,1
1775,5837,-8.055749,-34.951622,1
1776,5838,-8.055751,-34.951622,1
1777,5843,-8.055751,-34.951622,1
1778,5847,-8.055732,-34.95155,1
1779,5848,-8.055732,-34.95155,1
1780,5852,-8.055732,-34.95155,1
1781,5853,-8.055732,-34.95155,1
1782,5856,-8.055732,-34.95155,1
1783,5857,-8.055732,-34.95155,1
1784,5858,-8.055732,-34.95155,1
1785,5862,-8.055732,-34.95155,1
1786,5863,-8.055732,-34.95155,1
1787,5866,-8.055732,-34.95155,1
1788,5868,-8.055732,-34.95155,1
1789,5872,-8.055732,-34.95155,1
1790,5873,-8.055732,-34.95155,1
1791,5874,-8.055732,-34.95155,1
1792,5876,-8.055732,-34.95155,1
1793,5884,-8.055732,-34.95155,1
1794,5885,-8.055732,-34.95155,1
1795,5894,-8.055732,-34.95155,1
1796,5898,-8.055732,-34.95155,1
1797,5899,-8.055732,-34.95155,1
1798,5900,-8.055732,-34.95155,1
1799,5903,-8.055732,-34.95155,1
1800,5908,-8.055732,-34.95155,1
1801,5912,-8.055732,-34.95155,1
1802,5927,-8.055732,-34.95155,1
1803,5930,-8.055732,-34.95155,1
1804,5931,-8.055732,-34.95155,1
1805,5933,-8.055732,-34.95155,1
1806,5936,-8.055732,-34.95155,1
1807,5937,-8.055732,-34.95155,1
1808,5938,-8.055732,-34.95155,1
1809,5939,-8.055732,-34.95155,1
1810,5945,-8.055732,-34.95155,1
1811,5952,-8.055732,-34.95155,1
1812,5953,-8.055732,-34.95155,1
1813,5957,-8.055732,-34.95155,1
1814,5960,-8.055732,-34.95155,1
1815,5961,-8.055732,-34.95155,1
1816,5963,-8.055732,-34.95155,1
1817,5965,-8.055732,-34.95155,1
1818,5969,-8.055751,-34.95155,1
1819,5972,-8.055751,-34.95155,1
1820,5974,-8.055751,-34.95155,1
1821,5979,-8.055751,-34.95155,1
1822,5981,-8.055751,-34.95155,1
1823,5982,-8.055751,-34.95155,1
1824,5991,-8.055751,-34.95155,1
1825,5992,-8.055751,-34.95155,1
1826,5993,-8.055751,-34.95155,1
1827,5994,-8.055751,-34.95155,1
1828,5998,-8.055751,-34.95155,1
1829,6004,-8.055751,-34.95155,1
1830,6005,-8.055751,-34.95155,1
1831,6008,-8.055751,-34.95155,1
1832,6010,-8.055751,-34.95155,1
1833,6014,-8.055751,-34.95155,1
1834,6017,-8.055751,-34.95155,1
1835,6025,-8.055751,-34.95155,1
1836,6027,-8.055751,-34.95155,1
1837,6029,-8.055751,-34.95155,1
1838,6032,-8.055732,-34.95155,1
1839,6033,-8.055732,-34.95155,1
1840,6037,-8.055732,-34.95155,1
1841,6039,-8.055732,-34.95155,1
1842,6043,-8.055732,-34.95155,1
1843,6051,-8.055732,-34.95155,1
1844,6053,-8.055732,-34.95155,1
1845,6054,-8.055732,-34.95155,1
1846,6056,-8.055732,-34.95155,1
1847,6061,-8.055732,-34.95156,1
1848,6062,-8.055732,-34.95156,1
1849,6064,-8.055732,-34.95156,1
1850,6066,-8.055732,-34.95156,1
1851,6072,-8.055732,-34.95156,1
1852,6073,-8.055732,-34.95156,1
1853,6076,-8.055732,-34.95156,1
1854,6080,-8.055732,-34.95156,1
1855,6085,-8.055732,-34.95156,1
1856,6088,-8.055732,-34.95156,1
1857,6100,-8.055732,-34.95156,1
1858,6101,-8.055732,-34.95156,1
1859,6108,-8.055763,-34.95156,1
1860,6111,-8.055763,-34.95156,1
1861,6113,-8.055763,-34.95156,1
1862,6119,-8.055763,-34.95156,1
1863,6123,-8.055763,-34.95156,1
1864,6128,-8.055763,-34.95156,1
1865,6134,-8.055763,-34.95156,1
1866,6137,-8.055763,-34.95156,1
1867,6146,-8.055763,-34.95156,1
1868,6147,-8.055763,-34.95156,1
1869,6148,-8.055763,-34.95156,1
1870,6151,-8.055763,-34.95156,1
1871,6153,-8.055763,-34.95156,1
1872,6156,-8.055763,-34.95156,1
1873,6160,-8.055763,-34.95156,1
1874,6161,-8.055763,-34.95156,1
1875,6169,-8.055763,-34.95156,1
1876,6176,-8.055763,-34.95156,1
1877,6178,-8.055763,-34.95156,1
1878,6180,-8.055763,-34.95156,1
1879,6182,-8.055763,-34.95156,1
1880,6189,-8.055763,-34.95156,1
1881,6192,-8.055763,-34.95156,1
1882,6193,-8.055763,-34.95156,1
1883,6194,-8.055763,-34.95156,1
1884,6199,-8.055763,-34.95156,1
1885,6202,-8.055782,-34.95156,1
1886,6205,-8.055782,-34.95156,1
1887,6211,-8.055782,-34.95156,1
1888,6214,-8.055782,-34.95156,1
1889,6215,-8.055782,-34.95156,1
1890,6223,-8.055782,-34.95156,1
1891,6231,-8.055782,-34.95156,1
1892,6237,-8.055782,-34.95156,1
1893,6239,-8.055782,-34.95156,1
1894,6240,-8.055782,-34.95156,1
1895,6244,-8.055782,-34.95156,1
1896,6250,-8.055782,-34.95156,1
1897,6258,-8.055782,-34.95156,1
1898,6261,-8.055782,-34.95156,1
1899,6263,-8.055782,-34.95156,1
1900,6266,-8.055782,-34.95156,1
1901,6275,-8.055782,-34.95156,1
1902,6277,-8.055782,-34.95156,1
1903,6289,-8.055782,-34.95156,1
1904,6290,-8.055782,-34.95156,1
1905,6291,-8.055782,-34.95156,1
1906,6300,-8.055782,-34.95156,1
1907,6301,-8.055782,-34.95156,1
1908,6307,-8.055782,-34.95156,1
1909,6309,-8.055782,-34.95156,1
1910,6314,-8.055782,-34.95156,1
1911,6321,-8.055782,-34.95156,1
1912,6322,-8.055749,-34.95156,1
1913,6323,-8.055782,-34.95156,1
1914,6338,-8.055782,-34.95156,1
1915,6343,-8.055782,-34.95156,1
1916,6348,-8.055782,-34.95156,1
1917,6351,-8.055782,-34.95156,1
1918,6355,-8.055782,-34.95156,1
1919,6358,-8.055782,-34.95156,1
1920,6360,-8.055782,-34.95156,1
1921,6363,-8.055782,-34.95156,1
1922,6364,-8.055782,-34.95156,1
1923,6365,-8.055782,-34.95156,1
1924,6377,-8.055749,-34.95156,1
1925,6378,-8.055749,-34.95156,1
1926,6382,-8.055749,-34.95156,1
1927,6383,-8.055749,-34.95156,1
1928,6384,-8.055749,-34.95156,1
1929,6389,-8.055749,-34.95156,1
1930,6390,-8.055749,-34.95156,1
1931,6391,-8.055749,-34.95156,1
1932,6395,-8.055749,-34.95156,1
1933,6398,-8.055749,-34.95156,1
1934,6399,-8.055749,-34.95156,1
1935,6400,-8.055749,-34.95156,1
1936,6401,-8.055749,-34.95156,1
1937,6407,-8.055749,-34.95156,1
1938,6419,-8.055749,-34.95156,1
1939,6423,-8.055749,-34.95156,1
1940,6424,-8.055749,-34.95156,1
1941,6425,-8.055749,-34.95156,1
1942,6426,-8.055749,-34.95156,1
1943,6427,-8.055749,-34.95156,1
1944,6435,-8.055749,-34.95156,1
1945,6436,-8.055749,-34.95156,1
1946,6437,-8.055749,-34.95156,1
1947,6440,-8.055749,-34.95156,1
1948,6442,-8.055749,-34.95156,1
1949,6451,-8.055749,-34.95156,1
1950,6452,-8.055749,-34.95156,1
1951,6458,-8.055749,-34.95156,1
1952,6462,-8.055749,-34.95156,1
1953,6463,-8.055749,-34.95156,1
1954,6464,-8.055749,-34.95156,1
1955,6465,-8.055749,-34.95156,1
1956,6466,-8.055749,-34.95156,1
1957,6472,-8.055749,-34.95156,1
1958,6473,-8.055749,-34.95156,1
1959,6474,-8.055749,-34.95156,1
1960,6475,-8.055749,-34.95156,1
1961,6495,-8.055749,-34.95156,1
1962,6497,-8.055749,-34.95156,1
1963,6498,-8.055749,-34.95156,1
1964,6507,-8.055749,-34.95156,1
1965,6508,-8.055749,-34.95156,1
1966,6512,-8.055749,-34.95156,1
1967,6515,-8.055749,-34.95156,1
1968,6516,-8.055749,-34.95156,1
1969,6517,-8.055749,-34.95156,1
1970,6520,-8.055749,-34.95156,1
1971,6523,-8.055749,-34.95156,1
1972,6533,-8.055749,-34.95156,1
1973,6535,-8.055749,-34.95156,1
1974,6538,-8.055749,-34.95156,1
1975,6539,-8.055749,-34.95156,1
1976,6545,-8.055749,-34.95156,1
1977,6550,-8.055749,-34.95156,1
1978,6555,-8.055749,-34.95156,1
1979,6559,-8.055749,-34.95156,1
1980,6560,-8.055749,-34.95156,1
1981,6561,-8.055749,-34.95156,1
1982,6564,-8.055749,-34.95156,1
1983,6567,-8.055749,-34.95156,1
1984,6571,-8.055749,-34.95156,1
1985,6580,-8.055749,-34.95156,1
1986,6583,-8.055749,-34.95156,1
1987,6584,-8.055749,-34.95156,1
1988,6586,-8.055749,-34.95156,1
1989,6589,-8.055749,-34.95156,1
1990,6594,-8.055749,-34.95156,1
1991,6597,-8.055749,-34.95156,1
1992,6601,-8.055749,-34.95156,1
1993,6611,-8.055749,-34.95156,1
1994,6615,-8.0591755,-34.946465,0
1995,6618,-8.059161,-34.946465,0
1996,6622,-8.058817,-34.946568,0
1997,6623,-8.058616,-34.946674,0
1998,6624,-8.058992,-34.94659,0
1999,6625,-8.0591755,-34.946465,0
2000,6632,-8.0591755,-34.946754,0
2001,6646,-8.058974,-34.94696,0
2002,6649,-8.058915,-34.94745,0
2003,6650,-8.05896,-34.94685,0
2004,6651,-8.05896,-34.94701,0
2005,6653,-8.058974,-34.946507,0
2006,6658,-8.058722,-34.949028,0
2007,6660,-8.058822,-34.94896,0
2008,6663,-8.058822,-34.948902,0
2009,6664,-8.058793,-34.949062,0
2010,6666,-8.058774,-34.948833,0
2011,6669,-8.058994,-34.949135,0
2012,6673,-8.058994,-34.949135,0
2013,6676,-8.058624,-34.94915,0
2014,6685,-8.058922,-34.949238,0
2015,6687,-8.058697,-34.949223,0
2016,6688,-8.058417,-34.949333,0
2017,6689,-8.05849,-34.949223,0
2018,6690,-8.058533,-34.949135,0
2019,6691,-8.058417,-34.94915,0
2020,6692,-8.05849,-34.949333,0
2021,6693,-8.058518,-34.94929,0
2022,6698,-8.058486,-34.949295,0
2023,6703,-8.0584135,-34.950554,0
2024,6705,-8.058486,-34.95046,0
2025,6708,-8.058575,-34.95071,0
2026,6713,-8.058375,-34.94664,0
2027,6715,-8.057319,-34.95088,0
2028,6716,-8.057203,-34.950798,0
2029,6718,-8.057246,-34.950798,0
2030,6720,-8.057246,-34.950798,0
2031,6723,-8.057246,-34.950787,0
2032,6727,-8.056884,-34.9528,0
2033,6728,-8.057258,-34.952183,0
2034,6729,-8.057128,-34.952152,0
2035,6733,-8.056969,-34.952248,0
2036,6734,-8.056896,-34.95239,0
2037,6742,-8.057122,-34.953163,0
2038,6743,-8.056975,-34.95341,0
2039,6745,-8.056975,-34.953354,0
2040,6746,-8.056947,-34.946507,0
2041,6750,-8.056435,-34.95364,0
2042,6754,-8.056774,-34.95387,0
2043,6755,-8.056842,-34.95379,0
2044,6757,-8.056332,-34.95375,0
2045,6758,-8.056668,-34.953796,0
2046,6763,-8.0564575,-34.955376,0
2047,6769,-8.0564575,-34.95563,0
2048,6771,-8.0564575,-34.95563,0
2049,6773,-8.0564575,-34.955532,0
2050,6774,-8.0564575,-34.9553,0
2051,6775,-8.0564575,-34.955574,0
2052,6779,-8.0564575,-34.955322,0
2053,6784,-8.0564575,-34.955322,0
2054,6789,-8.0564575,-34.9554,0
2055,6792,-8.0564575,-34.955307,0
2056,6796,-8.0564575,-34.95537,0
2057,6811,-8.056432,-34.95088,0
2058,6814,-8.056432,-34.950645,0
2059,6820,-8.056373,-34.95072,0
2060,6822,-8.054994,-34.94652,0
2061,6827,-8.056349,-34.95632,0
2062,6829,-8.057049,-34.95121,0
2063,6835,-8.0564575,-34.956184,0
2064,6842,-8.056586,-34.95088,0
2065,6849,-8.056358,-34.955185,0
2066,6851,-8.056432,-34.95072,0
2067,6854,-8.05606,-34.957676,0
2068,6855,-8.056504,-34.950626,0
2069,6856,-8.056586,-34.95088,0
2070,6857,-8.05623,-34.95638,0
2071,6860,-8.056047,-34.957676,0
2072,6861,-8.055835,-34.950737,0
2073,6862,-8.0564575,-34.95538,0
2074,6864,-8.055835,-34.950737,0
2075,6865,-8.056047,-34.957676,0
2076,6866,-8.056297,-34.956696,0
2077,6871,-8.055835,-34.950737,0
2078,6872,-8.055588,-34.950882,0
2079,6880,-8.055878,-34.950737,0
2080,6883,-8.056349,-34.956253,0
2081,6884,-8.055835,-34.95064,0
2082,6888,-8.056396,-34.95638,0
2083,6890,-8.05617,-34.9577,0
2084,6896,-8.056358,-34.95517,0
2085,6899,-8.056104,-34.95638,0
2086,6908,-8.055972,-34.958164,0
2087,6909,-8.056307,-34.95517,0
2088,6912,-8.055707,-34.95848,0
2089,6913,-8.0557575,-34.958164,0
2090,6916,-8.055707,-34.95848,0
2091,6922,-8.055883,-34.958164,0
2092,6923,-8.055413,-34.95517,0
2093,6927,-8.055413,-34.95517,0
2094,6929,-8.055846,-34.95848,0
2095,6932,-8.056127,-34.95632,0
2096,6934,-8.05588,-34.94661,0
2097,6935,-8.055707,-34.95861,0
2098,6940,-8.055703,-34.958958,0
2099,6950,-8.055845,-34.95861,0
2100,6953,-8.055677,-34.958824,0
2101,6954,-8.055845,-34.958824,0
2102,6955,-8.055463,-34.954773,0
2103,6957,-8.055558,-34.95116,0
2104,6962,-8.055464,-34.959103,0
2105,6963,-8.055479,-34.958824,0
2106,6964,-8.055514,-34.954765,0
2107,6967,-8.055478,-34.959118,0
2108,6969,-8.055463,-34.954765,0
2109,6975,-8.055941,-34.95632,0
2110,6977,-8.055514,-34.954735,0
2111,6978,-8.055514,-34.954735,0
2112,6983,-8.055398,-34.950764,0
2113,6992,-8.055571,-34.95823,0
2114,6994,-8.055411,-34.954765,0
2115,7007,-8.055506,-34.95417,0
2116,7008,-8.055506,-34.953953,0
2117,7016,-8.055514,-34.953915,0
2118,7017,-8.055479,-34.95393,0
2119,7019,-8.0560665,-34.956356,0
2120,7020,-8.055514,-34.9547,0
2121,7021,-8.055506,-34.954895,0
2122,7024,-8.055506,-34.95417,0
2123,7038,-8.055506,-34.95404,0
2124,7039,-8.055179,-34.95393,0
2125,7040,-8.055514,-34.953907,0
2126,7044,-8.055424,-34.95414,0
2127,7046,-8.055506,-34.95417,0
2128,7047,-8.055479,-34.95405,0
2129,7048,-8.055631,-34.950813,0
2130,7049,-8.055491,-34.95427,0
2131,7050,-8.055506,-34.95414,0
2132,7051,-8.055506,-34.95417,0
2133,7058,-8.055506,-34.95414,0
2134,7063,-8.055588,-34.95116,0
2135,7068,-8.055506,-34.954765,0
2136,7072,-8.055514,-34.954895,0
2137,7074,-8.055506,-34.95414,0
2138,7075,-8.055846,-34.958164,0
2139,7078,-8.055514,-34.954628,0
2140,7081,-8.055506,-34.954605,0
2141,7082,-8.055411,-34.95396,0
2142,7087,-8.056064,-34.95648,0
2143,7089,-8.055465,-34.95529,0
2144,7091,-8.055514,-34.954895,0
2145,7092,-8.055514,-34.954903,0
2146,7093,-8.055406,-34.954018,0
2147,7094,-8.055421,-34.955414,0
2148,7095,-8.055465,-34.95526,0
2149,7104,-8.055456,-34.95521,0
2150,7107,-8.05556,-34.954765,0
2151,7109,-8.055599,-34.953995,0
2152,7116,-8.055514,-34.954735,0
2153,7118,-8.055514,-34.954735,0
2154,7120,-8.055738,-34.958164,0
2155,7122,-8.055429,-34.955574,0
2156,7131,-8.055588,-34.950813,0
2157,7134,-8.055429,-34.955708,0
2158,7135,-8.055429,-34.955368,0
2159,7136,-8.055465,-34.95526,0
2160,7144,-8.055465,-34.955322,0
2161,7146,-8.055366,-34.955883,0
2162,7149,-8.055465,-34.95545,0
2163,7150,-8.055465,-34.955322,0
2164,7152,-8.055341,-34.95012,0
2165,7153,-8.055366,-34.956226,0
2166,7162,-8.055105,-34.958458,0
2167,7171,-8.055465,-34.955368,0
2168,7172,-8.055465,-34.955345,0
2169,7178,-8.055429,-34.955574,0
2170,7182,-8.05554,-34.95063,0
2171,7185,-8.055302,-34.956055,0
2172,7191,-8.055384,-34.950058,0
2173,7199,-8.055317,-34.95917,0
2174,7201,-8.054974,-34.956207,0
2175,7204,-8.055283,-34.956097,0
2176,7205,-8.055311,-34.955948,0
2177,7210,-8.055177,-34.95362,0
2178,7211,-8.055031,-34.951553,0
2179,7223,-8.055465,-34.956165,0
2180,7228,-8.055512,-34.955982,0
2181,7233,-8.0552435,-34.95611,0
2182,7234,-8.055231,-34.95361,0
2183,7238,-8.055039,-34.950867,0
2184,7249,-8.05525,-34.95361,0
2185,7250,-8.055411,-34.953613,0
2186,7252,-8.054938,-34.95094,0
2187,7254,-8.055058,-34.950726,0
2188,7262,-8.055501,-34.95116,0
2189,7263,-8.055459,-34.95917,0
2190,7267,-8.055268,-34.950203,0
2191,7269,-8.055412,-34.954765,0
2192,7275,-8.055779,-34.946682,0
2193,7279,-8.0545635,-34.95085,0
2194,7282,-8.055294,-34.953663,0
2195,7283,-8.054778,-34.951225,0
2196,7290,-8.055184,-34.958824,0
2197,7293,-8.055078,-34.95155,0
2198,7299,-8.054995,-34.95362,0
2199,7301,-8.055126,-34.95011,0
2200,7304,-8.054848,-34.954018,0
2201,7305,-8.055046,-34.95227,0
2202,7307,-8.055166,-34.95162,0
2203,7310,-8.055264,-34.95162,0
2204,7313,-8.055418,-34.951622,0
2205,7322,-8.055418,-34.9516,0
2206,7323,-8.054817,-34.952374,0
2207,7325,-8.055294,-34.95359,0
2208,7333,-8.055042,-34.95917,0
2209,7335,-8.055211,-34.95387,0
2210,7346,-8.055346,-34.953514,0
2211,7348,-8.055376,-34.952427,0
2212,7359,-8.055326,-34.95003,0
2213,7363,-8.055376,-34.952396,0
2214,7365,-8.055284,-34.95368,0
2215,7375,-8.055279,-34.956097,0
2216,7378,-8.055009,-34.953766,0
2217,7381,-8.055221,-34.95011,0
2218,7382,-8.054712,-34.95798,0
2219,7384,-8.055042,-34.95917,0
2220,7387,-8.05484,-34.9579,0
2221,7391,-8.055284,-34.95365,0
2222,7395,-8.054566,-34.95023,0
2223,7399,-8.054853,-34.95606,0
2224,7402,-8.054611,-34.950096,0
2225,7407,-8.054828,-34.95917,0
2226,7413,-8.054815,-34.955883,0
2227,7415,-8.054828,-34.95917,0
2228,7417,-8.055311,-34.956055,0
2229,7423,-8.054916,-34.95627,0
2230,7425,-8.054562,-34.953724,0
2231,7428,-8.054828,-34.95917,0
2232,7434,-8.054836,-34.953636,0
2233,7435,-8.054445,-34.95798,0
2234,7441,-8.054828,-34.95917,0
2235,7442,-8.054948,-34.95352,0
2236,7444,-8.055254,-34.950493,0
2237,7453,-8.053382,-34.94661,0
2238,7463,-8.054509,-34.956146,0
2239,7465,-8.054387,-34.949932,0
2240,7466,-8.054286,-34.957584,0
2241,7468,-8.054509,-34.956146,0
2242,7487,-8.055172,-34.956055,0
2243,7488,-8.05452,-34.95376,0
2244,7498,-8.054509,-34.95633,0
2245,7499,-8.054474,-34.956272,0
2246,7501,-8.054511,-34.95376,0
2247,7505,-8.055137,-34.956257,0
2248,7507,-8.054509,-34.956306,0
2249,7510,-8.055137,-34.956326,0
2250,7515,-8.054509,-34.956306,0
2251,7516,-8.055107,-34.953754,0
2252,7517,-8.054623,-34.953285,0
2253,7521,-8.055124,-34.953865,0
2254,7523,-8.054416,-34.957638,0
2255,7524,-8.054509,-34.956306,0
2256,7530,-8.055035,-34.953865,0
2257,7531,-8.054509,-34.956306,0
2258,7532,-8.054509,-34.956306,0
2259,7535,-8.055049,-34.95917,0
2260,7542,-8.055035,-34.953835,0
2261,7544,-8.054509,-34.956306,0
2262,7552,-8.054511,-34.953865,0
2263,7557,-8.054556,-34.95917,0
2264,7567,-8.054262,-34.956978,0
2265,7568,-8.054511,-34.953835,0
2266,7569,-8.054447,-34.949703,0
2267,7580,-8.054556,-34.95917,0
2268,7583,-8.054562,-34.95377,0
2269,7584,-8.054969,-34.95686,0
2270,7588,-8.054474,-34.95692,0
2271,7589,-8.054532,-34.949066,0
2272,7591,-8.054416,-34.957638,0
2273,7598,-8.054556,-34.95917,0
2274,7600,-8.054416,-34.957558,0
2275,7603,-8.054237,-34.94927,0
2276,7606,-8.054356,-34.949142,0
2277,7607,-8.055107,-34.9537,0
2278,7608,-8.054415,-34.949078,0
2279,7609,-8.054556,-34.95917,0
2280,7615,-8.054429,-34.949142,0
2281,7618,-8.05412,-34.949127,0
2282,7619,-8.053841,-34.948536,0
2283,7620,-8.054343,-34.948364,0
2284,7628,-8.053913,-34.948483,0
2285,7632,-8.054415,-34.949112,0
2286,7635,-8.054347,-34.959267,0
2287,7637,-8.054343,-34.94843,0
2288,7639,-8.054499,-34.955944,0
2289,7645,-8.053788,-34.959267,0
2290,7647,-8.052807,-34.9538,0
2291,7649,-8.053841,-34.948215,0
2292,7650,-8.054659,-34.948925,0
2293,7655,-8.053769,-34.959267,0
2294,7656,-8.054426,-34.94908,0
2295,7658,-8.053841,-34.948387,0
2296,7660,-8.054336,-34.949066,0
2297,7663,-8.053841,-34.948364,0
2298,7665,-8.054431,-34.95567,0
2299,7671,-8.053683,-34.94661,0
2300,7675,-8.053266,-34.95384,0
2301,7680,-8.053608,-34.94848,0
2302,7681,-8.053924,-34.955887,0
2303,7682,-8.053377,-34.949173,0
2304,7690,-8.053958,-34.948444,0
2305,7692,-8.053377,-34.949173,0
2306,7695,-8.053377,-34.94903,0
2307,7700,-8.053377,-34.949078,0
2308,7702,-8.053216,-34.948524,0
2309,7706,-8.053066,-34.94852,0
2310,7708,-8.053253,-34.948524,0
2311,7710,-8.053033,-34.95384,0
2312,7717,-8.053103,-34.94848,0
2313,7722,-8.053216,-34.94848,0
2314,7724,-8.05317,-34.95371,0
2315,7726,-8.053216,-34.94894,0
2316,7731,-8.054034,-34.959053,0
2317,7732,-8.053197,-34.94852,0
2318,7745,-8.052956,-34.94857,0
2319,7747,-8.052899,-34.94847,0
2320,7748,-8.052956,-34.948475,0
2321,7749,-8.053782,-34.946606,0
2322,7751,-8.052956,-34.948566,0
2323,7754,-8.052767,-34.953693,0
2324,7755,-8.052899,-34.94852,0
2325,7756,-8.052899,-34.94852,0
2326,7758,-8.052899,-34.94852,0
2327,7762,-8.053011,-34.95583,0
2328,7764,-8.052899,-34.948536,0
2329,7768,-8.054139,-34.95839,0
2330,7770,-8.052956,-34.94852,0
2331,7772,-8.053047,-34.94852,0
2332,7774,-8.054139,-34.95839,0
2333,7778,-8.05299,-34.95583,0
2334,7780,-8.052981,-34.959686,0
2335,7791,-8.053033,-34.953808,0
2336,7792,-8.05301,-34.948475,0
2337,7793,-8.054139,-34.95839,0
2338,7796,-8.053988,-34.94599,0
2339,7797,-8.052981,-34.9597,0
2340,7798,-8.052643,-34.953587,0
2341,7799,-8.053139,-34.953613,0
2342,7800,-8.05301,-34.94839,0
2343,7807,-8.053166,-34.94649,0
2344,7814,-8.052455,-34.953808,0
2345,7819,-8.052808,-34.95386,0
2346,7821,-8.0527725,-34.95564,0
2347,7823,-8.0527315,-34.953575,0
2348,7824,-8.053139,-34.953537,0
2349,7826,-8.053327,-34.94649,0
2350,7828,-8.052598,-34.955738,0
2351,7829,-8.05285,-34.95564,0
2352,7838,-8.0527315,-34.95377,0
2353,7853,-8.05285,-34.95565,0
2354,7859,-8.051112,-34.9535,0
2355,7864,-8.0527935,-34.9535,0
2356,7868,-8.052531,-34.95606,0
2357,7871,-8.053166,-34.94649,0
2358,7874,-8.052837,-34.946472,0
2359,7875,-8.05291,-34.94635,0
2360,7876,-8.052728,-34.94827,0
2361,7877,-8.052837,-34.946278,0
2362,7881,-8.0528345,-34.953518,0
2363,7882,-8.052965,-34.94649,0
2364,7884,-8.052531,-34.95606,0
2365,7889,-8.052822,-34.946503,0
2366,7893,-8.053047,-34.948456,0
2367,7894,-8.052531,-34.956173,0
2368,7897,-8.052822,-34.946503,0
2369,7898,-8.052784,-34.94847,0
2370,7899,-8.052066,-34.947044,0
2371,7903,-8.052521,-34.95564,0
2372,7909,-8.052766,-34.946503,0
2373,7913,-8.052766,-34.94667,0
2374,7918,-8.052552,-34.95618,0
2375,7919,-8.052582,-34.955696,0
2376,7921,-8.052766,-34.946854,0
2377,7924,-8.052501,-34.9597,0
2378,7925,-8.052489,-34.953648,0
2379,7927,-8.052655,-34.948288,0
2380,7928,-8.052475,-34.95635,0
2381,7936,-8.0522175,-34.94667,0
2382,7938,-8.053307,-34.94635,0
2383,7947,-8.052809,-34.953648,0
2384,7948,-8.0515785,-34.953712,0
2385,7951,-8.052022,-34.946815,0
2386,7954,-8.052655,-34.948475,0
2387,7955,-8.052382,-34.956367,0
2388,7957,-8.052805,-34.948475,0
2389,7958,-8.052022,-34.946815,0
2390,7959,-8.052002,-34.946815,0
2391,7963,-8.052935,-34.94849,0
2392,7964,-8.052331,-34.94839,0
2393,7965,-8.052078,-34.947277,0
2394,7969,-8.0531225,-34.948475,0
2395,7972,-8.052078,-34.947304,0
2396,7981,-8.052002,-34.947277,0
2397,7986,-8.052198,-34.94819,0
2398,7988,-8.052161,-34.948288,0
2399,8000,-8.052255,-34.94817,0
2400,8001,-8.052105,-34.9481,0
2401,8011,-8.052198,-34.948204,0
2402,8026,-8.052105,-34.948082,0
2403,8027,-8.052059,-34.948082,0
2404,8028,-8.052028,-34.948082,0
2405,8029,-8.052022,-34.947594,0
2406,8039,-8.052198,-34.948303,0
2407,8046,-8.052343,-34.955044,0
2408,8047,-8.052049,-34.948204,0
2409,8051,-8.052183,-34.948288,0
2410,8059,-8.052003,-34.94819,0
2411,8061,-8.052049,-34.94819,0
2412,8066,-8.052343,-34.955044,0
2413,8067,-8.052049,-34.948334,0
2414,8068,-8.052049,-34.94859,0
2415,8069,-8.052078,-34.947277,0
2416,8077,-8.051833,-34.94646,0
2417,8080,-8.051986,-34.949116,0
2418,8085,-8.052282,-34.959717,0
2419,8097,-8.052051,-34.956806,0
2420,8105,-8.052134,-34.950886,0
2421,8106,-8.052019,-34.950085,0
2422,8107,-8.052078,-34.947445,0
2423,8108,-8.052129,-34.9597,0
2424,8109,-8.052051,-34.956806,0
2425,8111,-8.052034,-34.95111,0
2426,8121,-8.052308,-34.951283,0
2427,8123,-8.051946,-34.947548,0
2428,8124,-8.052263,-34.956806,0
2429,8125,-8.052045,-34.953346,0
2430,8127,-8.052308,-34.951496,0
2431,8129,-8.051946,-34.947563,0
2432,8131,-8.052041,-34.947132,0
2433,8137,-8.052041,-34.947277,0
2434,8138,-8.052041,-34.94761,0
2435,8142,-8.051493,-34.95187,0
2436,8143,-8.052022,-34.947487,0
2437,8146,-8.051835,-34.947186,0
2438,8148,-8.0519085,-34.94677,0
2439,8153,-8.051946,-34.947468,0
2440,8157,-8.051973,-34.95686,0
2441,8158,-8.0524,-34.95495,0
2442,8159,-8.05152,-34.95259,0
2443,8160,-8.051464,-34.952713,0
2444,8168,-8.051506,-34.95274,0
2445,8170,-8.051946,-34.947487,0
2446,8171,-8.051946,-34.947422,0
2447,8180,-8.052017,-34.94755,0
2448,8183,-8.052381,-34.955044,0
2449,8185,-8.051927,-34.94808,0
2450,8186,-8.05187,-34.948093,0
2451,8187,-8.051946,-34.947468,0
2452,8188,-8.051946,-34.947456,0
2453,8193,-8.051889,-34.947483,0
2454,8196,-8.051854,-34.959686,0
2455,8198,-8.051927,-34.94808,0
2456,8200,-8.051889,-34.947487,0
2457,8201,-8.051683,-34.947273,0
2458,8203,-8.051671,-34.947483,0
2459,8205,-8.051464,-34.95274,0
2460,8209,-8.05174,-34.947273,0
2461,8210,-8.051686,-34.946556,0
2462,8214,-8.051927,-34.94808,0
2463,8215,-8.051376,-34.947487,0
2464,8219,-8.052003,-34.94808,0
2465,8221,-8.051927,-34.94808,0
2466,8222,-8.051927,-34.948013,0
2467,8233,-8.052051,-34.956806,0
2468,8236,-8.052036,-34.94805,0
2469,8240,-8.052049,-34.948345,0
2470,8244,-8.052051,-34.956806,0
2471,8247,-8.051927,-34.94808,0
2472,8248,-8.0521,-34.947605,0
2473,8250,-8.052295,-34.948494,0
2474,8254,-8.05168,-34.946476,0
2475,8257,-8.052198,-34.948483,0
2476,8259,-8.052036,-34.94825,0
2477,8263,-8.051218,-34.95323,0
2478,8268,-8.052068,-34.94853,0
2479,8270,-8.052161,-34.948418,0
2480,8272,-8.05168,-34.946476,0
2481,8274,-8.052051,-34.956806,0
2482,8275,-8.051935,-34.948444,0
2483,8277,-8.052161,-34.948483,0
2484,8281,-8.0520115,-34.948544,0
2485,8287,-8.052068,-34.949078,0
2486,8289,-8.05152,-34.953262,0
2487,8292,-8.052049,-34.94853,0
2488,8294,-8.051674,-34.958057,0
2489,8299,-8.052161,-34.948345,0
2490,8300,-8.051889,-34.947483,0
2491,8302,-8.05187,-34.94827,0
2492,8316,-8.051953,-34.94922,0
2493,8317,-8.051827,-34.947422,0
2494,8318,-8.051701,-34.959564,0
2495,8323,-8.051858,-34.949093,0
2496,8324,-8.051927,-34.94914,0
2497,8325,-8.051889,-34.94914,0
2498,8330,-8.051889,-34.94897,0
2499,8332,-8.051904,-34.949234,0
2500,8333,-8.051756,-34.946854,0
2501,8334,-8.051966,-34.94923,0
2502,8336,-8.051701,-34.95958,0
2503,8344,-8.051889,-34.94923,0
2504,8346,-8.051269,-34.95017,0
2505,8347,-8.051435,-34.950077,0
2506,8354,-8.051517,-34.950314,0
2507,8362,-8.05168,-34.94646,0
2508,8365,-8.05155,-34.958244,0
2509,8368,-8.051889,-34.94747,0
2510,8370,-8.051568,-34.950165,0
2511,8373,-8.051568,-34.950314,0
2512,8375,-8.051568,-34.950077,0
2513,8377,-8.051568,-34.950165,0
2514,8381,-8.051615,-34.947456,0
2515,8382,-8.051582,-34.950092,0
2516,8383,-8.051568,-34.950077,0
2517,8384,-8.051558,-34.95839,0
2518,8386,-8.05152,-34.953087,0
2519,8388,-8.051568,-34.95007,0
2520,8394,-8.051261,-34.950397,0
2521,8396,-8.051557,-34.959717,0
2522,8398,-8.051469,-34.950287,0
2523,8399,-8.051444,-34.950397,0
2524,8401,-8.051553,-34.94768,0
2525,8403,-8.051859,-34.955,0
2526,8405,-8.051413,-34.953793,0
2527,8408,-8.051496,-34.95056,0
2528,8412,-8.051469,-34.953056,0
2529,8414,-8.051417,-34.95051,0
2530,8417,-8.051417,-34.950523,0
2531,8418,-8.051597,-34.94756,0
2532,8419,-8.051676,-34.947575,0
2533,8420,-8.051433,-34.958683,0
2534,8421,-8.051417,-34.95051,0
2535,8422,-8.051417,-34.95051,0
2536,8424,-8.051329,-34.959686,0
2537,8426,-8.051417,-34.95051,0
2538,8438,-8.05136,-34.9531,0
2539,8447,-8.051192,-34.955,0
2540,8450,-8.051516,-34.95014,0
2541,8452,-8.051433,-34.958736,0
2542,8463,-8.051676,-34.9476,0
2543,8465,-8.051433,-34.958736,0
2544,8475,-8.051417,-34.950577,0
2545,8478,-8.051417,-34.950462,0
2546,8481,-8.051553,-34.9476,0
2547,8485,-8.051458,-34.95308,0
2548,8487,-8.051421,-34.95184,0
2549,8490,-8.051433,-34.958736,0
2550,8493,-8.05168,-34.94666,0
2551,8496,-8.05134,-34.959686,0
2552,8499,-8.051764,-34.94768,0
2553,8503,-8.051244,-34.954746,0
2554,8504,-8.051906,-34.94768,0
2555,8505,-8.05048,-34.953148,0
2556,8511,-8.051323,-34.95184,0
2557,8515,-8.051191,-34.95307,0
2558,8516,-8.051397,-34.95124,0
2559,8520,-8.051247,-34.952183,0
2560,8522,-8.051529,-34.95359,0
2561,8525,-8.05168,-34.946556,0
2562,8526,-8.051176,-34.959717,0
2563,8530,-8.05136,-34.95323,0
2564,8532,-8.051535,-34.959015,0
2565,8534,-8.051284,-34.95218,0
2566,8536,-8.051279,-34.951893,0
2567,8538,-8.051176,-34.959686,0
2568,8541,-8.051261,-34.950394,0
2569,8546,-8.051136,-34.947693,0
2570,8547,-8.0513935,-34.959053,0
2571,8548,-8.049494,-34.954853,0
2572,8553,-8.05168,-34.946556,0
2573,8557,-8.051286,-34.953823,0
2574,8559,-8.051136,-34.947613,0
2575,8560,-8.051176,-34.95967,0
2576,8566,-8.05141,-34.959183,0
2577,8568,-8.050787,-34.958164,0
2578,8570,-8.051136,-34.947693,0
2579,8587,-8.050678,-34.954823,0
2580,8590,-8.051312,-34.950443,0
2581,8592,-8.050531,-34.953453,0
2582,8603,-8.050984,-34.95964,0
2583,8604,-8.049658,-34.95036,0
2584,8606,-8.050366,-34.94768,0
2585,8614,-8.050824,-34.959503,0
2586,8618,-8.051014,-34.946976,0
2587,8620,-8.050618,-34.954594,0
2588,8627,-8.050447,-34.959686,0
2589,8628,-8.050443,-34.953373,0
2590,8629,-8.050443,-34.953434,0
2591,8630,-8.050447,-34.959686,0
2592,8631,-8.050411,-34.953453,0
2593,8640,-8.05048,-34.947575,0
2594,8641,-8.050443,-34.95333,0
2595,8653,-8.050824,-34.9533,0
2596,8655,-8.050547,-34.95493,0
2597,8658,-8.050411,-34.953598,0
2598,8660,-8.051011,-34.95333,0
2599,8664,-8.050255,-34.953644,0
2600,8665,-8.0495405,-34.95331,0
2601,8673,-8.050443,-34.953217,0
2602,8674,-8.050236,-34.95343,0
2603,8678,-8.050542,-34.95365,0
2604,8689,-8.050412,-34.953976,0
2605,8690,-8.050495,-34.953976,0
2606,8692,-8.050087,-34.94747,0
2607,8698,-8.050421,-34.95362,0
2608,8699,-8.050421,-34.95403,0
2609,8700,-8.050421,-34.953964,0
2610,8704,-8.050547,-34.954704,0
2611,8706,-8.050413,-34.953976,0
2612,8709,-8.050495,-34.953964,0
2613,8718,-8.050543,-34.953674,0
2614,8722,-8.050394,-34.953976,0
2615,8725,-8.050914,-34.953243,0
2616,8731,-8.050067,-34.954704,0
2617,8732,-8.050067,-34.954704,0
2618,8736,-8.049935,-34.94671,0
2619,8744,-8.050067,-34.954704,0
2620,8745,-8.050295,-34.953617,0
2621,8748,-8.050067,-34.954704,0
2622,8753,-8.050149,-34.94752,0
2623,8758,-8.05004,-34.95964,0
2624,8759,-8.050276,-34.953617,0
2625,8760,-8.050035,-34.94752,0
2626,8768,-8.050127,-34.95967,0
2627,8771,-8.050117,-34.954758,0
2628,8772,-8.050436,-34.953453,0
2629,8774,-8.049935,-34.946095,0
2630,8793,-8.050299,-34.950336,0
2631,8794,-8.049527,-34.94752,0
2632,8796,-8.05006,-34.954758,0
2633,8798,-8.05006,-34.954758,0
2634,8801,-8.050116,-34.954758,0
2635,8804,-8.050117,-34.954758,0
2636,8805,-8.050593,-34.954647,0
2637,8806,-8.050035,-34.94699,0
2638,8817,-8.050035,-34.94752,0
2639,8820,-8.050035,-34.947506,0
2640,8831,-8.050117,-34.954666,0
2641,8833,-8.050099,-34.959717,0
2642,8834,-8.050129,-34.953175,0
2643,8835,-8.0505295,-34.95362,0
2644,8845,-8.05004,-34.9597,0
2645,8846,-8.049999,-34.954163,0
2646,8848,-8.05003,-34.954777,0
2647,8851,-8.05005,-34.94753,0
2648,8854,-8.05005,-34.94753,0
2649,8861,-8.050834,-34.953503,0
2650,8863,-8.049615,-34.953274,0
2651,8864,-8.049765,-34.950413,0
2652,8872,-8.05005,-34.947536,0
2653,8873,-8.049659,-34.959656,0
2654,8876,-8.049353,-34.953125,0
2655,8877,-8.049666,-34.947536,0
2656,8878,-8.049659,-34.959717,0
2657,8880,-8.049914,-34.94755,0
2658,8882,-8.049353,-34.95311,0
2659,8883,-8.049659,-34.959686,0
2660,8888,-8.049541,-34.94754,0
2661,8890,-8.049784,-34.959686,0
2662,8891,-8.048904,-34.95043,0
2663,8893,-8.049829,-34.954723,0
2664,8899,-8.04981,-34.954517,0
2665,8903,-8.049336,-34.955097,0
2666,8904,-8.048246,-34.950615,0
2667,8907,-8.048532,-34.950447,0
2668,8909,-8.049524,-34.9531,0
2669,8910,-8.04952,-34.953114,0
2670,8912,-8.04952,-34.953144,0
2671,8915,-8.050407,-34.94608,0
2672,8917,-8.049355,-34.955982,0
2673,8919,-8.049814,-34.953438,0
2674,8933,-8.049417,-34.953266,0
2675,8935,-8.049728,-34.955303,0
2676,8936,-8.0495,-34.953266,0
2677,8938,-8.049829,-34.954742,0
2678,8939,-8.049264,-34.950443,0
2679,8943,-8.04952,-34.953144,0
2680,8950,-8.049727,-34.955677,0
2681,8951,-8.049798,-34.954258,0
2682,8956,-8.048441,-34.95045,0
2683,8961,-8.049354,-34.956142,0
2684,8968,-8.049645,-34.95321,0
2685,8973,-8.049323,-34.95572,0
2686,8974,-8.049952,-34.94766,0
2687,8977,-8.04952,-34.953037,0
2688,8984,-8.049721,-34.947487,0
2689,8986,-8.049182,-34.955914,0
2690,8990,-8.048655,-34.94608,0
2691,8992,-8.049201,-34.953136,0
2692,9003,-8.049164,-34.95606,0
2693,9004,-8.04927,-34.953053,0
2694,9012,-8.048819,-34.959717,0
2695,9017,-8.048591,-34.95045,0
2696,9018,-8.048732,-34.959682,0
2697,9027,-8.048804,-34.953083,0
2698,9030,-8.048357,-34.95045,0
2699,9034,-8.048655,-34.94616,0
2700,9037,-8.049164,-34.955982,0
2701,9038,-8.048804,-34.952965,0
2702,9039,-8.049004,-34.947384,0
2703,9040,-8.049439,-34.9577,0
2704,9043,-8.051138,-34.959652,0
2705,9046,-8.048814,-34.950436,0
2706,9055,-8.048732,-34.959682,0
2707,9058,-8.048746,-34.94616,0
2708,9061,-8.048985,-34.947304,0
2709,9068,-8.048732,-34.959682,0
2710,9071,-8.048873,-34.95809,0
2711,9081,-8.048732,-34.947304,0
2712,9082,-8.048985,-34.947304,0
2713,9090,-8.048804,-34.953175,0
2714,9097,-8.048873,-34.958138,0
2715,9099,-8.048744,-34.95051,0
2716,9100,-8.048985,-34.947304,0
2717,9101,-8.048804,-34.953022,0
2718,9105,-8.048754,-34.9472,0
2719,9108,-8.04835,-34.95416,0
2720,9109,-8.048744,-34.95051,0
2721,9111,-8.048487,-34.959682,0
2722,9113,-8.048804,-34.953053,0
2723,9118,-8.048415,-34.947304,0
2724,9121,-8.04833,-34.958054,0
2725,9127,-8.048654,-34.950687,0
2726,9129,-8.04873,-34.950436,0
2727,9134,-8.048658,-34.95092,0
2728,9142,-8.048615,-34.958282,0
2729,9144,-8.049201,-34.95036,0
2730,9148,-8.048654,-34.950718,0
2731,9157,-8.048661,-34.951145,0
2732,9162,-8.048755,-34.950764,0
2733,9164,-8.048728,-34.950783,0
2734,9170,-8.048656,-34.95141,0
2735,9171,-8.048728,-34.950687,0
2736,9172,-8.048509,-34.950893,0
2737,9173,-8.048654,-34.950687,0
2738,9184,-8.048656,-34.95144,0
2739,9185,-8.048656,-34.95144,0
2740,9189,-8.048668,-34.947304,0
2741,9190,-8.048588,-34.95792,0
2742,9194,-8.048297,-34.95144,0
2743,9199,-8.050435,-34.953053,0
2744,9205,-8.048322,-34.94732,0
2745,9211,-8.048654,-34.950672,0
2746,9214,-8.048344,-34.95119,0
2747,9218,-8.048596,-34.958237,0
2748,9220,-8.048656,-34.95119,0
2749,9222,-8.048171,-34.94701,0
2750,9223,-8.048466,-34.94579,0
2751,9224,-8.048804,-34.95319,0
2752,9229,-8.048307,-34.950493,0
2753,9230,-8.047824,-34.94693,0
2754,9231,-8.048487,-34.959682,0
2755,9232,-8.048615,-34.958065,0
2756,9235,-8.0480795,-34.95244,0
2757,9241,-8.048654,-34.950687,0
2758,9243,-8.048745,-34.95742,0
2759,9245,-8.047818,-34.952557,0
2760,9249,-8.04835,-34.95413,0
2761,9251,-8.048341,-34.952396,0
2762,9252,-8.048654,-34.95074,0
2763,9258,-8.048341,-34.952396,0
2764,9264,-8.048588,-34.952526,0
2765,9266,-8.048404,-34.94701,0
2766,9267,-8.048469,-34.9595,0
2767,9270,-8.048488,-34.959545,0
2768,9273,-8.047825,-34.947025,0
2769,9275,-8.048487,-34.959682,0
2770,9281,-8.048069,-34.95085,0
2771,9290,-8.048487,-34.959682,0
2772,9292,-8.047995,-34.95085,0
2773,9296,-8.048171,-34.947067,0
2774,9299,-8.047995,-34.95085,0
2775,9302,-8.048274,-34.959217,0
2776,9307,-8.048274,-34.959076,0
2777,9311,-8.048884,-34.959217,0
2778,9312,-8.048341,-34.95086,0
2779,9313,-8.047995,-34.9511,0
2780,9315,-8.048469,-34.959404,0
2781,9319,-8.048274,-34.959263,0
2782,9320,-8.048642,-34.959217,0
2783,9321,-8.048171,-34.94722,0
2784,9324,-8.048487,-34.959682,0
2785,9327,-8.048884,-34.959263,0
2786,9328,-8.04893,-34.959217,0
2787,9329,-8.048478,-34.954712,0
2788,9330,-8.048404,-34.947086,0
2789,9334,-8.04805,-34.94578,0
2790,9336,-8.047916,-34.947838,0
2791,9341,-8.0487585,-34.947823,0
2792,9346,-8.047916,-34.947475,0
2793,9348,-8.048179,-34.947594,0
2794,9354,-8.047937,-34.950844,0
2795,9362,-8.04778,-34.9476,0
2796,9365,-8.04778,-34.9476,0
2797,9371,-8.047838,-34.9476,0
2798,9372,-8.048363,-34.945774,0
2799,9374,-8.04778,-34.9476,0
2800,9375,-8.048284,-34.950813,0
2801,9376,-8.048072,-34.9476,0
2802,9379,-8.04778,-34.9476,0
2803,9380,-8.047495,-34.9476,0
2804,9384,-8.048002,-34.95407,0
2805,9387,-8.047853,-34.950844,0
2806,9390,-8.048271,-34.945274,0
2807,9391,-8.047685,-34.950844,0
2808,9392,-8.048072,-34.9476,0
2809,9393,-8.047838,-34.9476,0
2810,9394,-8.047689,-34.950844,0
2811,9395,-8.0477085,-34.95089,0
2812,9396,-8.04778,-34.9476,0
2813,9402,-8.047625,-34.950897,0
2814,9409,-8.047838,-34.9476,0
2815,9414,-8.047759,-34.9476,0
2816,9419,-8.048002,-34.954052,0
2817,9421,-8.047976,-34.9476,0
2818,9422,-8.047792,-34.950897,0
2819,9423,-8.047479,-34.9476,0
2820,9429,-8.047613,-34.954113,0
2821,9433,-8.048139,-34.950867,0
2822,9434,-8.047258,-34.947445,0
2823,9440,-8.047419,-34.945274,0
2824,9441,-8.047468,-34.947685,0
2825,9448,-8.047361,-34.947548,0
2826,9450,-8.047731,-34.945274,0
2827,9452,-8.047613,-34.953945,0
2828,9453,-8.04689,-34.950413,0
2829,9454,-8.047361,-34.947548,0
2830,9455,-8.047361,-34.947548,0
2831,9459,-8.047016,-34.953964,0
2832,9469,-8.047468,-34.947605,0
2833,9470,-8.047644,-34.95407,0
2834,9471,-8.047361,-34.947548,0
2835,9472,-8.047208,-34.950546,0
2836,9477,-8.047281,-34.947548,0
2837,9481,-8.047258,-34.947548,0
2838,9484,-8.047258,-34.94746,0
2839,9485,-8.047077,-34.954037,0
2840,9491,-8.046974,-34.950584,0
2841,9492,-8.0476465,-34.947548,0
2842,9493,-8.047609,-34.947548,0
2843,9494,-8.047081,-34.95404,0
2844,9499,-8.047206,-34.945194,0
2845,9504,-8.047002,-34.947704,0
2846,9513,-8.04689,-34.950565,0
2847,9514,-8.047002,-34.947704,0
2848,9518,-8.046982,-34.947704,0
2849,9519,-8.0473795,-34.94769,0
2850,9520,-8.046776,-34.954166,0
2851,9521,-8.047685,-34.94769,0
2852,9536,-8.046833,-34.953823,0
2853,9540,-8.046626,-34.94521,0
2854,9542,-8.046974,-34.950413,0
2855,9543,-8.046974,-34.950546,0
2856,9545,-8.046706,-34.945236,0
2857,9549,-8.046626,-34.94521,0
2858,9552,-8.046955,-34.95395,0
2859,9553,-8.046626,-34.94521,0
2860,9556,-8.046955,-34.950584,0
2861,9558,-8.046706,-34.94529,0
2862,9562,-8.047206,-34.945194,0
2863,9564,-8.046626,-34.94521,0
2864,9566,-8.046745,-34.95079,0
2865,9568,-8.046707,-34.95392,0
2866,9571,-8.046734,-34.95037,0
2867,9575,-8.046974,-34.95062,0
2868,9582,-8.046626,-34.94521,0
2869,9587,-8.046825,-34.94549,0
2870,9590,-8.046711,-34.945503,0
2871,9591,-8.046945,-34.945503,0
2872,9594,-8.046771,-34.945873,0
2873,9601,-8.046631,-34.94538,0
2874,9602,-8.046711,-34.945503,0
2875,9603,-8.046631,-34.945477,0
2876,9604,-8.046547,-34.947704,0
2877,9605,-8.046749,-34.947704,0
2878,9609,-8.046634,-34.9463,0
2879,9613,-8.047211,-34.945477,0
2880,9614,-8.046631,-34.945477,0
2881,9615,-8.046631,-34.945477,0
2882,9616,-8.047285,-34.953793,0
2883,9621,-8.046547,-34.94781,0
2884,9622,-8.046547,-34.947704,0
2885,9627,-8.046932,-34.946114,0
2886,9633,-8.046749,-34.947704,0
2887,9635,-8.046718,-34.946754,0
2888,9637,-8.046718,-34.94662,0
2889,9638,-8.046465,-34.94662,0
2890,9640,-8.0476885,-34.95372,0
2891,9641,-8.047319,-34.950546,0
2892,9643,-8.046745,-34.9505,0
2893,9644,-8.046799,-34.95076,0
2894,9645,-8.047016,-34.950783,0
2895,9651,-8.046745,-34.950546,0
2896,9653,-8.046619,-34.949883,0
2897,9664,-8.046746,-34.95268,0
2898,9668,-8.046746,-34.952633,0
2899,9672,-8.04699,-34.9526,0
2900,9674,-8.047561,-34.952377,0
2901,9675,-8.046895,-34.95269,0
2902,9677,-8.046563,-34.9513,0
2903,9678,-8.046563,-34.95135,0
