,lat_pred,lon_pred
0,-8.055605,-34.951728
1,-8.055605,-34.951728
2,-8.055605,-34.951728
3,-8.055605,-34.951728
4,-8.055605,-34.951728
5,-8.055605,-34.951728
6,-8.055605,-34.951728
7,-8.055605,-34.951728
8,-8.055605,-34.951728
9,-8.055605,-34.951728
10,-8.055605,-34.951728
11,-8.055605,-34.951728
12,-8.055605,-34.951728
13,-8.055605,-34.951728
14,-8.055605,-34.951728
15,-8.055605,-34.951728
16,-8.055605,-34.951728
17,-8.055605,-34.951728
18,-8.055605,-34.951728
19,-8.055605,-34.951728
20,-8.055605,-34.951728
21,-8.055605,-34.951728
22,-8.055605,-34.951728
23,-8.055605,-34.951728
24,-8.055605,-34.951728
25,-8.055605,-34.951728
26,-8.055605,-34.951728
27,-8.055605,-34.951728
28,-8.055605,-34.951728
29,-8.055605,-34.951728
30,-8.055605,-34.951728
31,-8.055605,-34.951728
32,-8.055605,-34.951728
33,-8.055605,-34.951728
34,-8.055605,-34.951728
35,-8.055605,-34.951728
36,-8.055605,-34.951728
37,-8.055605,-34.951728
38,-8.055605,-34.951728
39,-8.055605,-34.951728
40,-8.055605,-34.951728
41,-8.055605,-34.951728
42,-8.055605,-34.951728
43,-8.055605,-34.951728
44,-8.055605,-34.951728
45,-8.055605,-34.951728
46,-8.055605,-34.951728
47,-8.055605,-34.951728
48,-8.055605,-34.951728
49,-8.055605,-34.951728
50,-8.055605,-34.951728
51,-8.055605,-34.951728
52,-8.055605,-34.951728
53,-8.055605,-34.951728
54,-8.055605,-34.951728
55,-8.055605,-34.951728
56,-8.055605,-34.951728
57,-8.055605,-34.951728
58,-8.055605,-34.951728
59,-8.055605,-34.951728
60,-8.055605,-34.951728
61,-8.055605,-34.951728
62,-8.055605,-34.951728
63,-8.055605,-34.951728
64,-8.055605,-34.951728
65,-8.055605,-34.951728
66,-8.055605,-34.951728
67,-8.055605,-34.951728
68,-8.055605,-34.951728
69,-8.055605,-34.951728
70,-8.055605,-34.951728
71,-8.055605,-34.951728
72,-8.055605,-34.951728
73,-8.055605,-34.951728
74,-8.055605,-34.951728
75,-8.055605,-34.951728
76,-8.055605,-34.951728
77,-8.055605,-34.951728
78,-8.055605,-34.951728
79,-8.055605,-34.951728
80,-8.055605,-34.951728
81,-8.055605,-34.951728
82,-8.055605,-34.951728
83,-8.055605,-34.951728
84,-8.055605,-34.951728
85,-8.055605,-34.951728
86,-8.055605,-34.951728
87,-8.055605,-34.951728
88,-8.055605,-34.951728
89,-8.055605,-34.951728
90,-8.055605,-34.951728
91,-8.055605,-34.951728
92,-8.055605,-34.951728
93,-8.055605,-34.951728
94,-8.055605,-34.951728
95,-8.055605,-34.951728
96,-8.055605,-34.951728
97,-8.055605,-34.951728
98,-8.055605,-34.951728
99,-8.055605,-34.951728
100,-8.055605,-34.951728
101,-8.055605,-34.951728
102,-8.055605,-34.951728
103,-8.055605,-34.951728
104,-8.055605,-34.951728
105,-8.055605,-34.951728
106,-8.055605,-34.951728
107,-8.055605,-34.951728
108,-8.055605,-34.951728
109,-8.055605,-34.951728
110,-8.055605,-34.951728
111,-8.055605,-34.951728
112,-8.055605,-34.951728
113,-8.055605,-34.951728
114,-8.055605,-34.951728
115,-8.055605,-34.951728
116,-8.055605,-34.951728
117,-8.055605,-34.951728
118,-8.055605,-34.951728
119,-8.055605,-34.951728
120,-8.055605,-34.951728
121,-8.055605,-34.951728
122,-8.055605,-34.951728
123,-8.055605,-34.951728
124,-8.055605,-34.951728
125,-8.055605,-34.951728
126,-8.055605,-34.951728
127,-8.055605,-34.951728
128,-8.055605,-34.951728
129,-8.055605,-34.951728
130,-8.055605,-34.951728
131,-8.055605,-34.951728
132,-8.055605,-34.951728
133,-8.055605,-34.951728
134,-8.055605,-34.951728
135,-8.055605,-34.951728
136,-8.055605,-34.951728
137,-8.055605,-34.951728
138,-8.055605,-34.951728
139,-8.055605,-34.951728
140,-8.055605,-34.951728
141,-8.055605,-34.951728
142,-8.055605,-34.951728
143,-8.055605,-34.951728
144,-8.055605,-34.951728
145,-8.055605,-34.951728
146,-8.055605,-34.951728
147,-8.055605,-34.951728
148,-8.055605,-34.951728
149,-8.055605,-34.951728
150,-8.055605,-34.951728
151,-8.055605,-34.951728
152,-8.055605,-34.951728
153,-8.055605,-34.951728
154,-8.055605,-34.951728
155,-8.055605,-34.951728
156,-8.055605,-34.951728
157,-8.055605,-34.951728
158,-8.055605,-34.951728
159,-8.055605,-34.951728
160,-8.055605,-34.951728
161,-8.055605,-34.951728
162,-8.055605,-34.951728
163,-8.055605,-34.951728
164,-8.055605,-34.951728
165,-8.055605,-34.951728
166,-8.055605,-34.951728
167,-8.055605,-34.951728
168,-8.055605,-34.951728
169,-8.055605,-34.951728
170,-8.055605,-34.951728
171,-8.055605,-34.951728
172,-8.055605,-34.951728
173,-8.055605,-34.951728
174,-8.055605,-34.951728
175,-8.055605,-34.951728
176,-8.055605,-34.951728
177,-8.055605,-34.951728
178,-8.055605,-34.951728
179,-8.055605,-34.951728
180,-8.055605,-34.951728
181,-8.055605,-34.951728
182,-8.055605,-34.951728
183,-8.055605,-34.951728
184,-8.055605,-34.951728
185,-8.055605,-34.951728
186,-8.055605,-34.951728
187,-8.055605,-34.951728
188,-8.055605,-34.951728
189,-8.055605,-34.951728
190,-8.055605,-34.951728
191,-8.055605,-34.951728
192,-8.055605,-34.951728
193,-8.055605,-34.951728
194,-8.055605,-34.951728
195,-8.055605,-34.951728
196,-8.055605,-34.951728
197,-8.055605,-34.951728
198,-8.055605,-34.951728
199,-8.055605,-34.951728
200,-8.055605,-34.951728
201,-8.055605,-34.951728
202,-8.055605,-34.951728
203,-8.055605,-34.951728
204,-8.055605,-34.951728
205,-8.055605,-34.951728
206,-8.055605,-34.951728
207,-8.055605,-34.951728
208,-8.055605,-34.951728
209,-8.055605,-34.951728
210,-8.055605,-34.951728
211,-8.055605,-34.951728
212,-8.055605,-34.951728
213,-8.055605,-34.951728
214,-8.055605,-34.951728
215,-8.055605,-34.951728
216,-8.055605,-34.951728
217,-8.055605,-34.951728
218,-8.055605,-34.951728
219,-8.055605,-34.951728
220,-8.055605,-34.951728
221,-8.055605,-34.951728
222,-8.055605,-34.951728
223,-8.055605,-34.951728
224,-8.055605,-34.951728
225,-8.055605,-34.951728
226,-8.055605,-34.951728
227,-8.055605,-34.951728
228,-8.055605,-34.951728
229,-8.055605,-34.951728
230,-8.055605,-34.951728
231,-8.055605,-34.951728
232,-8.055605,-34.951728
233,-8.055605,-34.951728
234,-8.055605,-34.951728
235,-8.055605,-34.951728
236,-8.055605,-34.951728
237,-8.055605,-34.951728
238,-8.055605,-34.951728
239,-8.055605,-34.951728
240,-8.055605,-34.951728
241,-8.055605,-34.951728
242,-8.055605,-34.951728
243,-8.055605,-34.951728
244,-8.055605,-34.951728
245,-8.055605,-34.951728
246,-8.055605,-34.951728
247,-8.055605,-34.951728
248,-8.055605,-34.951728
249,-8.055605,-34.951728
250,-8.055605,-34.951728
251,-8.055605,-34.951728
252,-8.055605,-34.951728
253,-8.055605,-34.951728
254,-8.055605,-34.951728
255,-8.055605,-34.951728
256,-8.055605,-34.951728
257,-8.055605,-34.951728
258,-8.055605,-34.951728
259,-8.055605,-34.951728
260,-8.055605,-34.951728
261,-8.055605,-34.951728
262,-8.055605,-34.951728
263,-8.055605,-34.951728
264,-8.055605,-34.951728
265,-8.055605,-34.951728
266,-8.055605,-34.951728
267,-8.055605,-34.951728
268,-8.05538,-34.951736
269,-8.05538,-34.951736
270,-8.05538,-34.951736
271,-8.05538,-34.951736
272,-8.05538,-34.951736
273,-8.05538,-34.951736
274,-8.05538,-34.951736
275,-8.05538,-34.951736
276,-8.05538,-34.951736
277,-8.05538,-34.951736
278,-8.05538,-34.951736
279,-8.05538,-34.951736
280,-8.05538,-34.951736
281,-8.05538,-34.951736
282,-8.05538,-34.951736
283,-8.05538,-34.951736
284,-8.05538,-34.951736
285,-8.05538,-34.951736
286,-8.05538,-34.951736
287,-8.05538,-34.951736
288,-8.05538,-34.951736
289,-8.05538,-34.951736
290,-8.05538,-34.951736
291,-8.05538,-34.951736
292,-8.05538,-34.951736
293,-8.05538,-34.951736
294,-8.05538,-34.951736
295,-8.05538,-34.951736
296,-8.05538,-34.951736
297,-8.05538,-34.951736
298,-8.05538,-34.951736
299,-8.05538,-34.951736
300,-8.05538,-34.951736
301,-8.05538,-34.951736
302,-8.05538,-34.951736
303,-8.05538,-34.951736
304,-8.05538,-34.951736
305,-8.05538,-34.951736
306,-8.05538,-34.951736
307,-8.05538,-34.951736
308,-8.05538,-34.951736
309,-8.05538,-34.951736
310,-8.05538,-34.951736
311,-8.05538,-34.951736
312,-8.05538,-34.951736
313,-8.05538,-34.951736
314,-8.05538,-34.951736
315,-8.05538,-34.951736
316,-8.05538,-34.951736
317,-8.05538,-34.951736
318,-8.05538,-34.951736
319,-8.05538,-34.951736
320,-8.05538,-34.951736
321,-8.05538,-34.951736
322,-8.05538,-34.951736
323,-8.05538,-34.951736
324,-8.05538,-34.951736
325,-8.05538,-34.951736
326,-8.05538,-34.951736
327,-8.05538,-34.951736
328,-8.05538,-34.951736
329,-8.05538,-34.951736
330,-8.05538,-34.951736
331,-8.05538,-34.951736
332,-8.05538,-34.951736
333,-8.05538,-34.951736
334,-8.05538,-34.951736
335,-8.05538,-34.951736
336,-8.05538,-34.951736
337,-8.05538,-34.951736
338,-8.05538,-34.951736
339,-8.05538,-34.951736
340,-8.05538,-34.951736
341,-8.05538,-34.951736
342,-8.05538,-34.951736
343,-8.05538,-34.951736
344,-8.05538,-34.951736
345,-8.05538,-34.951736
346,-8.05538,-34.951736
347,-8.05538,-34.951736
348,-8.05538,-34.951736
349,-8.05538,-34.951736
350,-8.05538,-34.951736
351,-8.05538,-34.951736
352,-8.05538,-34.951736
353,-8.05538,-34.951736
354,-8.05538,-34.951736
355,-8.05538,-34.951736
356,-8.05538,-34.951736
357,-8.05538,-34.951736
358,-8.05538,-34.951736
359,-8.05538,-34.951736
360,-8.05538,-34.951736
361,-8.05538,-34.951736
362,-8.05538,-34.951736
363,-8.05538,-34.951736
364,-8.05538,-34.951736
365,-8.05538,-34.951736
366,-8.05538,-34.951736
367,-8.05538,-34.951736
368,-8.05538,-34.951736
369,-8.05538,-34.951736
370,-8.05538,-34.951736
371,-8.05538,-34.951736
372,-8.05538,-34.951736
373,-8.05538,-34.951736
374,-8.05538,-34.951736
375,-8.05538,-34.951736
376,-8.05538,-34.951736
377,-8.05538,-34.951736
378,-8.05538,-34.951736
379,-8.05538,-34.951736
380,-8.05538,-34.951736
381,-8.05538,-34.951736
382,-8.05538,-34.951736
383,-8.05538,-34.951736
384,-8.05538,-34.951736
385,-8.05538,-34.951736
386,-8.05538,-34.951736
387,-8.05538,-34.951736
388,-8.05538,-34.951736
389,-8.05538,-34.951736
390,-8.05538,-34.951736
391,-8.05538,-34.951736
392,-8.05538,-34.951736
393,-8.05538,-34.951736
394,-8.05538,-34.951736
395,-8.05538,-34.951736
396,-8.05538,-34.951736
397,-8.05538,-34.951736
398,-8.05538,-34.951736
399,-8.05538,-34.951736
400,-8.05538,-34.951736
401,-8.05538,-34.951736
402,-8.05538,-34.951736
403,-8.05538,-34.951736
404,-8.05538,-34.951736
405,-8.05538,-34.951736
406,-8.05538,-34.951736
407,-8.05538,-34.951736
408,-8.05538,-34.951736
409,-8.05538,-34.951736
410,-8.05538,-34.951736
411,-8.05538,-34.951736
412,-8.05538,-34.951736
413,-8.05538,-34.951736
414,-8.05538,-34.951736
415,-8.05538,-34.951736
416,-8.05538,-34.951736
417,-8.05538,-34.951736
418,-8.05538,-34.951736
419,-8.05538,-34.951736
420,-8.05538,-34.951736
421,-8.05538,-34.951736
422,-8.05538,-34.951736
423,-8.05538,-34.951736
424,-8.05538,-34.951736
425,-8.05538,-34.951736
426,-8.05538,-34.951736
427,-8.05538,-34.951736
428,-8.05538,-34.951736
429,-8.05538,-34.951736
430,-8.05538,-34.951736
431,-8.05538,-34.951736
432,-8.05538,-34.951736
433,-8.05538,-34.951736
434,-8.05538,-34.951736
435,-8.05538,-34.951736
436,-8.05538,-34.951736
437,-8.05538,-34.951736
438,-8.05538,-34.951736
439,-8.05538,-34.951736
440,-8.05538,-34.951736
441,-8.05538,-34.951736
442,-8.05538,-34.951736
443,-8.05538,-34.951736
444,-8.05538,-34.951736
445,-8.05538,-34.951736
446,-8.05538,-34.951736
447,-8.05538,-34.951736
448,-8.05538,-34.951736
449,-8.05538,-34.951736
450,-8.05538,-34.951736
451,-8.05538,-34.951736
452,-8.05538,-34.951736
453,-8.05538,-34.951736
454,-8.05538,-34.951736
455,-8.05538,-34.951736
456,-8.05538,-34.951736
457,-8.05538,-34.951736
458,-8.05538,-34.951736
459,-8.05538,-34.951736
460,-8.05538,-34.951736
461,-8.05538,-34.951736
462,-8.05538,-34.951736
463,-8.05538,-34.951736
464,-8.05538,-34.951736
465,-8.05538,-34.951736
466,-8.05538,-34.951736
467,-8.05538,-34.951736
468,-8.05538,-34.951736
469,-8.05538,-34.951736
470,-8.05538,-34.951736
471,-8.05538,-34.951736
472,-8.05538,-34.951736
473,-8.05538,-34.951736
474,-8.05538,-34.951736
475,-8.05538,-34.951736
476,-8.05538,-34.951736
477,-8.05538,-34.951736
478,-8.05538,-34.951736
479,-8.05538,-34.951736
480,-8.05538,-34.951736
481,-8.05538,-34.951736
482,-8.05538,-34.951736
483,-8.05538,-34.951736
484,-8.05538,-34.951736
485,-8.05538,-34.951736
486,-8.05538,-34.951736
487,-8.05538,-34.951736
488,-8.05538,-34.951736
489,-8.05538,-34.951736
490,-8.05538,-34.951736
491,-8.05538,-34.951736
492,-8.05538,-34.951736
493,-8.05538,-34.951736
494,-8.05538,-34.951736
495,-8.05538,-34.951736
496,-8.05538,-34.951736
497,-8.05538,-34.951736
498,-8.05538,-34.951736
499,-8.05538,-34.951736
500,-8.05538,-34.951736
501,-8.05538,-34.951736
502,-8.05538,-34.951736
503,-8.05538,-34.951736
504,-8.05538,-34.951736
505,-8.05538,-34.951736
506,-8.05538,-34.951736
507,-8.05538,-34.951736
508,-8.055494,-34.951316
509,-8.055494,-34.951316
510,-8.055494,-34.951316
511,-8.055494,-34.951316
512,-8.055494,-34.951316
513,-8.055494,-34.951316
514,-8.055494,-34.951316
515,-8.055494,-34.951316
516,-8.055494,-34.951316
517,-8.055494,-34.951316
518,-8.055494,-34.951316
519,-8.055494,-34.951316
520,-8.055494,-34.951316
521,-8.055494,-34.951316
522,-8.055494,-34.951316
523,-8.055494,-34.951316
524,-8.055494,-34.951316
525,-8.055494,-34.951316
526,-8.055494,-34.951316
527,-8.055494,-34.951316
528,-8.055494,-34.951316
529,-8.055494,-34.951316
530,-8.055494,-34.951316
531,-8.055494,-34.951316
532,-8.055494,-34.951316
533,-8.055494,-34.951316
534,-8.055494,-34.951316
535,-8.055494,-34.951316
536,-8.055494,-34.951316
537,-8.055494,-34.951316
538,-8.055494,-34.951316
539,-8.055494,-34.951316
540,-8.055494,-34.951316
541,-8.055494,-34.951316
542,-8.055494,-34.951316
543,-8.055494,-34.951316
544,-8.055494,-34.951316
545,-8.055494,-34.951316
546,-8.055494,-34.951316
547,-8.055494,-34.951316
548,-8.055494,-34.951316
549,-8.055494,-34.951316
550,-8.055494,-34.951316
551,-8.055494,-34.951316
552,-8.055494,-34.951316
553,-8.055494,-34.951316
554,-8.055494,-34.951316
555,-8.055494,-34.951316
556,-8.055494,-34.951316
557,-8.055494,-34.951316
558,-8.055494,-34.951316
559,-8.055494,-34.951316
560,-8.055494,-34.951316
561,-8.055494,-34.951316
562,-8.055494,-34.951316
563,-8.055494,-34.951316
564,-8.055494,-34.951316
565,-8.055494,-34.951316
566,-8.055494,-34.951316
567,-8.055494,-34.951316
568,-8.055494,-34.951316
569,-8.055494,-34.951316
570,-8.055494,-34.951316
571,-8.055494,-34.951316
572,-8.055494,-34.951316
573,-8.055494,-34.951316
574,-8.055494,-34.951316
575,-8.055494,-34.951316
576,-8.055494,-34.951316
577,-8.055494,-34.951316
578,-8.055494,-34.951316
579,-8.055494,-34.951316
580,-8.055494,-34.951316
581,-8.055494,-34.951316
582,-8.055494,-34.951316
583,-8.055494,-34.951316
584,-8.055494,-34.951316
585,-8.055494,-34.951316
586,-8.055494,-34.951316
587,-8.055494,-34.951316
588,-8.055494,-34.951316
589,-8.055494,-34.951316
590,-8.055494,-34.951316
591,-8.055494,-34.951316
592,-8.055494,-34.951316
593,-8.055494,-34.951316
594,-8.055494,-34.951316
595,-8.055494,-34.951316
596,-8.055494,-34.951316
597,-8.055494,-34.951316
598,-8.055494,-34.951316
599,-8.055494,-34.951316
600,-8.055494,-34.951316
601,-8.055494,-34.951316
602,-8.055494,-34.951316
603,-8.055494,-34.951316
604,-8.055494,-34.951316
605,-8.055494,-34.951316
606,-8.055494,-34.951316
607,-8.055494,-34.951316
608,-8.055494,-34.951316
609,-8.055494,-34.951316
610,-8.055494,-34.951316
611,-8.055494,-34.951316
612,-8.055494,-34.951316
613,-8.055494,-34.951316
614,-8.055494,-34.951316
615,-8.055494,-34.951316
616,-8.055494,-34.951316
617,-8.055494,-34.951316
618,-8.055494,-34.951316
619,-8.055494,-34.951316
620,-8.055494,-34.951316
621,-8.055494,-34.951316
622,-8.055494,-34.951316
623,-8.055494,-34.951316
624,-8.055494,-34.951316
625,-8.055494,-34.951316
626,-8.055494,-34.951316
627,-8.055494,-34.951316
628,-8.055494,-34.951316
629,-8.055494,-34.951316
630,-8.055494,-34.951316
631,-8.055494,-34.951316
632,-8.055494,-34.951316
633,-8.055494,-34.951316
634,-8.055494,-34.951316
635,-8.055494,-34.951316
636,-8.055494,-34.951316
637,-8.055494,-34.951316
638,-8.055494,-34.951316
639,-8.055494,-34.951316
640,-8.055494,-34.951316
641,-8.055494,-34.951316
642,-8.055494,-34.951316
643,-8.055494,-34.951316
644,-8.055494,-34.951316
645,-8.055494,-34.951316
646,-8.055494,-34.951316
647,-8.055494,-34.951316
648,-8.055494,-34.951316
649,-8.055494,-34.951316
650,-8.055494,-34.951316
651,-8.055494,-34.951316
652,-8.055494,-34.951316
653,-8.055494,-34.951316
654,-8.055494,-34.951316
655,-8.055494,-34.951316
656,-8.055494,-34.951316
657,-8.055494,-34.951316
658,-8.055494,-34.951316
659,-8.055494,-34.951316
660,-8.055494,-34.951316
661,-8.055494,-34.951316
662,-8.055494,-34.951316
663,-8.055494,-34.951316
664,-8.055494,-34.951316
665,-8.055494,-34.951316
666,-8.055494,-34.951316
667,-8.055494,-34.951316
668,-8.055494,-34.951316
669,-8.055494,-34.951316
670,-8.055494,-34.951316
671,-8.055494,-34.951316
672,-8.055494,-34.951316
673,-8.055494,-34.951316
674,-8.055494,-34.951316
675,-8.055494,-34.951316
676,-8.055494,-34.951316
677,-8.055494,-34.951316
678,-8.055494,-34.951316
679,-8.055494,-34.951316
680,-8.055494,-34.951316
681,-8.055494,-34.951316
682,-8.055494,-34.951316
683,-8.055494,-34.951316
684,-8.055494,-34.951316
685,-8.055494,-34.951316
686,-8.055494,-34.951316
687,-8.055494,-34.951316
688,-8.055494,-34.951316
689,-8.055494,-34.951316
690,-8.055494,-34.951316
691,-8.055494,-34.951316
692,-8.055494,-34.951316
693,-8.055494,-34.951316
694,-8.055494,-34.951316
695,-8.055494,-34.951316
696,-8.055494,-34.951316
697,-8.055494,-34.951316
698,-8.055494,-34.951316
699,-8.055494,-34.951316
700,-8.055494,-34.951316
701,-8.055494,-34.951316
702,-8.055494,-34.951316
703,-8.055494,-34.951316
704,-8.055494,-34.951316
705,-8.055494,-34.951316
706,-8.055494,-34.951316
707,-8.055494,-34.951316
708,-8.055494,-34.951316
709,-8.055494,-34.951316
710,-8.055494,-34.951316
711,-8.055494,-34.951316
712,-8.055494,-34.951316
713,-8.055494,-34.951316
714,-8.055494,-34.951316
715,-8.055494,-34.951316
716,-8.055494,-34.951316
717,-8.055494,-34.951316
718,-8.055494,-34.951316
719,-8.055494,-34.951316
720,-8.055494,-34.951316
721,-8.055494,-34.951316
722,-8.055494,-34.951316
723,-8.055494,-34.951316
724,-8.055494,-34.951316
725,-8.055494,-34.951316
726,-8.055684,-34.951331
727,-8.055684,-34.951331
728,-8.055684,-34.951331
729,-8.055684,-34.951331
730,-8.055684,-34.951331
731,-8.055684,-34.951331
732,-8.055684,-34.951331
733,-8.055684,-34.951331
734,-8.055684,-34.951331
735,-8.055684,-34.951331
736,-8.055684,-34.951331
737,-8.055684,-34.951331
738,-8.055684,-34.951331
739,-8.055684,-34.951331
740,-8.055684,-34.951331
741,-8.055684,-34.951331
742,-8.055684,-34.951331
743,-8.055684,-34.951331
744,-8.055684,-34.951331
745,-8.055684,-34.951331
746,-8.055684,-34.951331
747,-8.055684,-34.951331
748,-8.055684,-34.951331
749,-8.055684,-34.951331
750,-8.055684,-34.951331
751,-8.055684,-34.951331
752,-8.055684,-34.951331
753,-8.055684,-34.951331
754,-8.055684,-34.951331
755,-8.055684,-34.951331
756,-8.055684,-34.951331
757,-8.055684,-34.951331
758,-8.055684,-34.951331
759,-8.055684,-34.951331
760,-8.055684,-34.951331
761,-8.055684,-34.951331
762,-8.055684,-34.951331
763,-8.055684,-34.951331
764,-8.055684,-34.951331
765,-8.055684,-34.951331
766,-8.055684,-34.951331
767,-8.055684,-34.951331
768,-8.055684,-34.951331
769,-8.055684,-34.951331
770,-8.055684,-34.951331
771,-8.055684,-34.951331
772,-8.055684,-34.951331
773,-8.055684,-34.951331
774,-8.055684,-34.951331
775,-8.055684,-34.951331
776,-8.055684,-34.951331
777,-8.055684,-34.951331
778,-8.055684,-34.951331
779,-8.055684,-34.951331
780,-8.055684,-34.951331
781,-8.055684,-34.951331
782,-8.055684,-34.951331
783,-8.055684,-34.951331
784,-8.055684,-34.951331
785,-8.055684,-34.951331
786,-8.055684,-34.951331
787,-8.055684,-34.951331
788,-8.055684,-34.951331
789,-8.055684,-34.951331
790,-8.055684,-34.951331
791,-8.055684,-34.951331
792,-8.055684,-34.951331
793,-8.055684,-34.951331
794,-8.055684,-34.951331
795,-8.055684,-34.951331
796,-8.055684,-34.951331
797,-8.055684,-34.951331
798,-8.055684,-34.951331
799,-8.055684,-34.951331
800,-8.055684,-34.951331
801,-8.055684,-34.951331
802,-8.055684,-34.951331
803,-8.055684,-34.951331
804,-8.055684,-34.951331
805,-8.055684,-34.951331
806,-8.055684,-34.951331
807,-8.055684,-34.951331
808,-8.055684,-34.951331
809,-8.055684,-34.951331
810,-8.055684,-34.951331
811,-8.055684,-34.951331
812,-8.055684,-34.951331
813,-8.055684,-34.951331
814,-8.055684,-34.951331
815,-8.055684,-34.951331
816,-8.055684,-34.951331
817,-8.055684,-34.951331
818,-8.055684,-34.951331
819,-8.055684,-34.951331
820,-8.055684,-34.951331
821,-8.055684,-34.951331
822,-8.055684,-34.951331
823,-8.055684,-34.951331
824,-8.055684,-34.951331
825,-8.055684,-34.951331
826,-8.055684,-34.951331
827,-8.055684,-34.951331
828,-8.055684,-34.951331
829,-8.055684,-34.951331
830,-8.055684,-34.951331
831,-8.055684,-34.951331
832,-8.055684,-34.951331
833,-8.055684,-34.951331
834,-8.055684,-34.951331
835,-8.055684,-34.951331
836,-8.055684,-34.951331
837,-8.055684,-34.951331
838,-8.055684,-34.951331
839,-8.055684,-34.951331
840,-8.055684,-34.951331
841,-8.055684,-34.951331
842,-8.055684,-34.951331
843,-8.055684,-34.951331
844,-8.055684,-34.951331
845,-8.055684,-34.951331
846,-8.055684,-34.951331
847,-8.055684,-34.951331
848,-8.055684,-34.951331
849,-8.055684,-34.951331
850,-8.055684,-34.951331
851,-8.055684,-34.951331
852,-8.055684,-34.951331
853,-8.055684,-34.951331
854,-8.055684,-34.951331
855,-8.055684,-34.951331
856,-8.055684,-34.951331
857,-8.055684,-34.951331
858,-8.055684,-34.951331
859,-8.055684,-34.951331
860,-8.055684,-34.951331
861,-8.055684,-34.951331
862,-8.055684,-34.951331
863,-8.055684,-34.951331
864,-8.055684,-34.951331
865,-8.055684,-34.951331
866,-8.055684,-34.951331
867,-8.055684,-34.951331
868,-8.055684,-34.951331
869,-8.055684,-34.951331
870,-8.055684,-34.951331
871,-8.055684,-34.951331
872,-8.055684,-34.951331
873,-8.055684,-34.951331
874,-8.055684,-34.951331
875,-8.055684,-34.951331
876,-8.055684,-34.951331
877,-8.055684,-34.951331
878,-8.055684,-34.951331
879,-8.055684,-34.951331
880,-8.055684,-34.951331
881,-8.055684,-34.951331
882,-8.055684,-34.951331
883,-8.055684,-34.951331
884,-8.055684,-34.951331
885,-8.055684,-34.951331
886,-8.055684,-34.951331
887,-8.055684,-34.951331
888,-8.055684,-34.951331
889,-8.055684,-34.951331
890,-8.055684,-34.951331
891,-8.055684,-34.951331
892,-8.055684,-34.951331
893,-8.055684,-34.951331
894,-8.055684,-34.951331
895,-8.055684,-34.951331
896,-8.055684,-34.951331
897,-8.055684,-34.951331
898,-8.055684,-34.951331
899,-8.055684,-34.951331
900,-8.055684,-34.951331
901,-8.055684,-34.951331
902,-8.055684,-34.951331
903,-8.055684,-34.951331
904,-8.055684,-34.951331
905,-8.055684,-34.951331
906,-8.055684,-34.951331
907,-8.055684,-34.951331
908,-8.055684,-34.951331
909,-8.055684,-34.951331
910,-8.055684,-34.951331
911,-8.055684,-34.951331
912,-8.055833999999999,-34.951362
913,-8.055833999999999,-34.951362
914,-8.055833999999999,-34.951362
915,-8.055833999999999,-34.951362
916,-8.055833999999999,-34.951362
917,-8.055833999999999,-34.951362
918,-8.055833999999999,-34.951362
919,-8.055833999999999,-34.951362
920,-8.055833999999999,-34.951362
921,-8.055833999999999,-34.951362
922,-8.055833999999999,-34.951362
923,-8.055833999999999,-34.951362
924,-8.055833999999999,-34.951362
925,-8.055833999999999,-34.951362
926,-8.055833999999999,-34.951362
927,-8.055833999999999,-34.951362
928,-8.055833999999999,-34.951362
929,-8.055833999999999,-34.951362
930,-8.055833999999999,-34.951362
931,-8.055833999999999,-34.951362
932,-8.055833999999999,-34.951362
933,-8.055833999999999,-34.951362
934,-8.055833999999999,-34.951362
935,-8.055833999999999,-34.951362
936,-8.055833999999999,-34.951362
937,-8.055833999999999,-34.951362
938,-8.055833999999999,-34.951362
939,-8.055833999999999,-34.951362
940,-8.055833999999999,-34.951362
941,-8.055833999999999,-34.951362
942,-8.055833999999999,-34.951362
943,-8.055833999999999,-34.951362
944,-8.055833999999999,-34.951362
945,-8.055833999999999,-34.951362
946,-8.055833999999999,-34.951362
947,-8.055833999999999,-34.951362
948,-8.055833999999999,-34.951362
949,-8.055833999999999,-34.951362
950,-8.055833999999999,-34.951362
951,-8.055833999999999,-34.951362
952,-8.055833999999999,-34.951362
953,-8.055833999999999,-34.951362
954,-8.055833999999999,-34.951362
955,-8.055833999999999,-34.951362
956,-8.055833999999999,-34.951362
957,-8.055833999999999,-34.951362
958,-8.055833999999999,-34.951362
959,-8.055833999999999,-34.951362
960,-8.055833999999999,-34.951362
961,-8.055833999999999,-34.951362
962,-8.055833999999999,-34.951362
963,-8.055833999999999,-34.951362
964,-8.055833999999999,-34.951362
965,-8.055833999999999,-34.951362
966,-8.055833999999999,-34.951362
967,-8.055833999999999,-34.951362
968,-8.055833999999999,-34.951362
969,-8.055833999999999,-34.951362
970,-8.055833999999999,-34.951362
971,-8.055833999999999,-34.951362
972,-8.055833999999999,-34.951362
973,-8.055833999999999,-34.951362
974,-8.055833999999999,-34.951362
975,-8.055833999999999,-34.951362
976,-8.055833999999999,-34.951362
977,-8.055833999999999,-34.951362
978,-8.055833999999999,-34.951362
979,-8.055833999999999,-34.951362
980,-8.055833999999999,-34.951362
981,-8.055833999999999,-34.951362
982,-8.055833999999999,-34.951362
983,-8.055833999999999,-34.951362
984,-8.055833999999999,-34.951362
985,-8.055833999999999,-34.951362
986,-8.055833999999999,-34.951362
987,-8.055833999999999,-34.951362
988,-8.055833999999999,-34.951362
989,-8.055833999999999,-34.951362
990,-8.055833999999999,-34.951362
991,-8.055833999999999,-34.951362
992,-8.055833999999999,-34.951362
993,-8.055833999999999,-34.951362
994,-8.055833999999999,-34.951362
995,-8.055833999999999,-34.951362
996,-8.055833999999999,-34.951362
997,-8.055833999999999,-34.951362
998,-8.055833999999999,-34.951362
999,-8.055833999999999,-34.951362
1000,-8.055833999999999,-34.951362
1001,-8.055833999999999,-34.951362
1002,-8.055833999999999,-34.951362
1003,-8.055833999999999,-34.951362
1004,-8.055833999999999,-34.951362
1005,-8.055833999999999,-34.951362
1006,-8.055833999999999,-34.951362
1007,-8.055833999999999,-34.951362
1008,-8.055833999999999,-34.951362
1009,-8.055833999999999,-34.951362
1010,-8.055833999999999,-34.951362
1011,-8.055833999999999,-34.951362
1012,-8.055833999999999,-34.951362
1013,-8.055833999999999,-34.951362
1014,-8.055833999999999,-34.951362
1015,-8.055833999999999,-34.951362
1016,-8.055833999999999,-34.951362
1017,-8.055833999999999,-34.951362
1018,-8.055833999999999,-34.951362
1019,-8.055833999999999,-34.951362
1020,-8.055833999999999,-34.951362
1021,-8.055833999999999,-34.951362
1022,-8.055833999999999,-34.951362
1023,-8.055833999999999,-34.951362
1024,-8.055833999999999,-34.951362
1025,-8.055833999999999,-34.951362
1026,-8.055833999999999,-34.951362
1027,-8.055833999999999,-34.951362
1028,-8.055833999999999,-34.951362
1029,-8.055833999999999,-34.951362
1030,-8.055833999999999,-34.951362
1031,-8.055833999999999,-34.951362
1032,-8.055833999999999,-34.951362
1033,-8.055833999999999,-34.951362
1034,-8.055833999999999,-34.951362
1035,-8.055833999999999,-34.951362
1036,-8.055833999999999,-34.951362
1037,-8.055833999999999,-34.951362
1038,-8.055833999999999,-34.951362
1039,-8.055833999999999,-34.951362
1040,-8.055833999999999,-34.951362
1041,-8.055833999999999,-34.951362
1042,-8.055833999999999,-34.951362
1043,-8.055833999999999,-34.951362
1044,-8.055833999999999,-34.951362
1045,-8.055833999999999,-34.951362
1046,-8.055833999999999,-34.951362
1047,-8.055833999999999,-34.951362
1048,-8.055833999999999,-34.951362
1049,-8.055833999999999,-34.951362
1050,-8.055833999999999,-34.951362
1051,-8.055833999999999,-34.951362
1052,-8.055833999999999,-34.951362
1053,-8.055833999999999,-34.951362
1054,-8.055833999999999,-34.951362
1055,-8.055833999999999,-34.951362
1056,-8.055833999999999,-34.951362
1057,-8.055833999999999,-34.951362
1058,-8.055833999999999,-34.951362
1059,-8.055833999999999,-34.951362
1060,-8.055833999999999,-34.951362
1061,-8.055833999999999,-34.951362
1062,-8.055833999999999,-34.951362
1063,-8.055833999999999,-34.951362
1064,-8.055833999999999,-34.951362
1065,-8.055833999999999,-34.951362
1066,-8.055833999999999,-34.951362
1067,-8.055833999999999,-34.951362
1068,-8.055833999999999,-34.951362
1069,-8.055833999999999,-34.951362
1070,-8.055833999999999,-34.951362
1071,-8.055833999999999,-34.951362
1072,-8.055833999999999,-34.951362
1073,-8.055833999999999,-34.951362
1074,-8.055833999999999,-34.951362
1075,-8.055833999999999,-34.951362
1076,-8.055833999999999,-34.951362
1077,-8.055833999999999,-34.951362
1078,-8.055833999999999,-34.951362
1079,-8.055833999999999,-34.951362
1080,-8.055833999999999,-34.951362
1081,-8.055833999999999,-34.951362
1082,-8.055833999999999,-34.951362
1083,-8.055833999999999,-34.951362
1084,-8.055833999999999,-34.951362
1085,-8.055833999999999,-34.951362
1086,-8.055833999999999,-34.951362
1087,-8.055833999999999,-34.951362
1088,-8.055833999999999,-34.951362
1089,-8.055833999999999,-34.951362
1090,-8.055833999999999,-34.951362
1091,-8.055833999999999,-34.951362
1092,-8.055833999999999,-34.951362
1093,-8.055833999999999,-34.951362
1094,-8.055833999999999,-34.951362
1095,-8.055833999999999,-34.951362
1096,-8.055833999999999,-34.951362
1097,-8.055833999999999,-34.951362
1098,-8.055833999999999,-34.951362
1099,-8.055833999999999,-34.951362
1100,-8.055833999999999,-34.951362
1101,-8.055833999999999,-34.951362
1102,-8.055833999999999,-34.951362
1103,-8.055833999999999,-34.951362
1104,-8.055424,-34.951597
1105,-8.055424,-34.951597
1106,-8.055424,-34.951597
1107,-8.055424,-34.951597
1108,-8.055424,-34.951597
1109,-8.055424,-34.951597
1110,-8.055424,-34.951597
1111,-8.055424,-34.951597
1112,-8.055424,-34.951597
1113,-8.055424,-34.951597
1114,-8.055424,-34.951597
1115,-8.055424,-34.951597
1116,-8.055424,-34.951597
1117,-8.055424,-34.951597
1118,-8.055424,-34.951597
1119,-8.055424,-34.951597
1120,-8.055424,-34.951597
1121,-8.055424,-34.951597
1122,-8.055424,-34.951597
1123,-8.055424,-34.951597
1124,-8.055424,-34.951597
1125,-8.055424,-34.951597
1126,-8.055424,-34.951597
1127,-8.055424,-34.951597
1128,-8.055424,-34.951597
1129,-8.055424,-34.951597
1130,-8.055424,-34.951597
1131,-8.055424,-34.951597
1132,-8.055424,-34.951597
1133,-8.055424,-34.951597
1134,-8.055424,-34.951597
1135,-8.055424,-34.951597
1136,-8.055424,-34.951597
1137,-8.055424,-34.951597
1138,-8.055424,-34.951597
1139,-8.055424,-34.951597
1140,-8.055424,-34.951597
1141,-8.055424,-34.951597
1142,-8.055424,-34.951597
1143,-8.055424,-34.951597
1144,-8.055424,-34.951597
1145,-8.055424,-34.951597
1146,-8.055424,-34.951597
1147,-8.055424,-34.951597
1148,-8.055424,-34.951597
1149,-8.055424,-34.951597
1150,-8.055424,-34.951597
1151,-8.055424,-34.951597
1152,-8.055424,-34.951597
1153,-8.055424,-34.951597
1154,-8.055424,-34.951597
1155,-8.055424,-34.951597
1156,-8.055424,-34.951597
1157,-8.055424,-34.951597
1158,-8.055424,-34.951597
1159,-8.055424,-34.951597
1160,-8.055424,-34.951597
1161,-8.055424,-34.951597
1162,-8.055424,-34.951597
1163,-8.055424,-34.951597
1164,-8.055424,-34.951597
1165,-8.055424,-34.951597
1166,-8.055424,-34.951597
1167,-8.055424,-34.951597
1168,-8.055424,-34.951597
1169,-8.055424,-34.951597
1170,-8.055424,-34.951597
1171,-8.055424,-34.951597
1172,-8.055424,-34.951597
1173,-8.055424,-34.951597
1174,-8.055424,-34.951597
1175,-8.055424,-34.951597
1176,-8.055424,-34.951597
1177,-8.055424,-34.951597
1178,-8.055424,-34.951597
1179,-8.055424,-34.951597
1180,-8.055424,-34.951597
1181,-8.055424,-34.951597
1182,-8.055424,-34.951597
1183,-8.055424,-34.951597
1184,-8.055424,-34.951597
1185,-8.055424,-34.951597
1186,-8.055424,-34.951597
1187,-8.055424,-34.951597
1188,-8.055424,-34.951597
1189,-8.055424,-34.951597
1190,-8.055424,-34.951597
1191,-8.055424,-34.951597
1192,-8.055424,-34.951597
1193,-8.055424,-34.951597
1194,-8.055424,-34.951597
1195,-8.055424,-34.951597
1196,-8.055424,-34.951597
1197,-8.055424,-34.951597
1198,-8.055424,-34.951597
1199,-8.055424,-34.951597
1200,-8.055424,-34.951597
1201,-8.055424,-34.951597
1202,-8.055424,-34.951597
1203,-8.055424,-34.951597
1204,-8.055424,-34.951597
1205,-8.055424,-34.951597
1206,-8.055424,-34.951597
1207,-8.055424,-34.951597
1208,-8.055424,-34.951597
1209,-8.055424,-34.951597
1210,-8.055424,-34.951597
1211,-8.055424,-34.951597
1212,-8.055424,-34.951597
1213,-8.055424,-34.951597
1214,-8.055424,-34.951597
1215,-8.055424,-34.951597
1216,-8.055424,-34.951597
1217,-8.055424,-34.951597
1218,-8.055424,-34.951597
1219,-8.055424,-34.951597
1220,-8.055424,-34.951597
1221,-8.055424,-34.951597
1222,-8.055424,-34.951597
1223,-8.055424,-34.951597
1224,-8.055424,-34.951597
1225,-8.055424,-34.951597
1226,-8.055424,-34.951597
1227,-8.055424,-34.951597
1228,-8.055424,-34.951597
1229,-8.055424,-34.951597
1230,-8.055424,-34.951597
1231,-8.055424,-34.951597
1232,-8.055424,-34.951597
1233,-8.055424,-34.951597
1234,-8.055424,-34.951597
1235,-8.055424,-34.951597
1236,-8.055424,-34.951597
1237,-8.055424,-34.951597
1238,-8.055424,-34.951597
1239,-8.055424,-34.951597
1240,-8.055424,-34.951597
1241,-8.055424,-34.951597
1242,-8.055424,-34.951597
1243,-8.055424,-34.951597
1244,-8.055424,-34.951597
1245,-8.055424,-34.951597
1246,-8.055424,-34.951597
1247,-8.055424,-34.951597
1248,-8.055424,-34.951597
1249,-8.055424,-34.951597
1250,-8.055424,-34.951597
1251,-8.055424,-34.951597
1252,-8.055424,-34.951597
1253,-8.055424,-34.951597
1254,-8.055424,-34.951597
1255,-8.055424,-34.951597
1256,-8.055424,-34.951597
1257,-8.055424,-34.951597
1258,-8.055424,-34.951597
1259,-8.055424,-34.951597
1260,-8.055424,-34.951597
1261,-8.055424,-34.951597
1262,-8.055424,-34.951597
1263,-8.055424,-34.951597
1264,-8.055424,-34.951597
1265,-8.055424,-34.951597
1266,-8.055424,-34.951597
1267,-8.055424,-34.951597
1268,-8.055424,-34.951597
1269,-8.055424,-34.951597
1270,-8.055424,-34.951597
1271,-8.055424,-34.951597
1272,-8.055424,-34.951597
1273,-8.055424,-34.951597
1274,-8.055424,-34.951597
1275,-8.055424,-34.951597
1276,-8.055424,-34.951597
1277,-8.055424,-34.951597
1278,-8.055424,-34.951597
1279,-8.055424,-34.951597
1280,-8.055424,-34.951597
1281,-8.055424,-34.951597
1282,-8.055424,-34.951597
1283,-8.055424,-34.951597
1284,-8.055424,-34.951597
1285,-8.055424,-34.951597
1286,-8.055424,-34.951597
1287,-8.055424,-34.951597
1288,-8.055424,-34.951597
1289,-8.055424,-34.951597
1290,-8.055424,-34.951597
1291,-8.055424,-34.951597
1292,-8.055424,-34.951597
1293,-8.055424,-34.951597
1294,-8.055424,-34.951597
1295,-8.055424,-34.951597
1296,-8.055424,-34.951597
1297,-8.055424,-34.951597
1298,-8.055424,-34.951597
1299,-8.055424,-34.951597
1300,-8.055424,-34.951597
1301,-8.055424,-34.951597
1302,-8.055424,-34.951597
1303,-8.055424,-34.951597
1304,-8.055424,-34.951597
1305,-8.055424,-34.951597
1306,-8.055424,-34.951597
1307,-8.055424,-34.951597
1308,-8.055424,-34.951597
1309,-8.055424,-34.951597
1310,-8.055424,-34.951597
1311,-8.055424,-34.951597
1312,-8.055424,-34.951597
1313,-8.055424,-34.951597
1314,-8.055424,-34.951597
1315,-8.055424,-34.951597
1316,-8.055424,-34.951597
1317,-8.055424,-34.951597
1318,-8.055424,-34.951597
1319,-8.055424,-34.951597
1320,-8.055424,-34.951597
1321,-8.055424,-34.951597
1322,-8.055424,-34.951597
1323,-8.055424,-34.951597
1324,-8.055424,-34.951597
1325,-8.055424,-34.951597
1326,-8.055424,-34.951597
1327,-8.055424,-34.951597
1328,-8.055424,-34.951597
1329,-8.055424,-34.951597
1330,-8.055424,-34.951597
1331,-8.055424,-34.951597
1332,-8.055506,-34.951693
1333,-8.055506,-34.951693
1334,-8.055506,-34.951693
1335,-8.055506,-34.951693
1336,-8.055506,-34.951693
1337,-8.055506,-34.951693
1338,-8.055506,-34.951693
1339,-8.055506,-34.951693
1340,-8.055506,-34.951693
1341,-8.055506,-34.951693
1342,-8.055506,-34.951693
1343,-8.055506,-34.951693
1344,-8.055506,-34.951693
1345,-8.055506,-34.951693
1346,-8.055506,-34.951693
1347,-8.055506,-34.951693
1348,-8.055506,-34.951693
1349,-8.055506,-34.951693
1350,-8.055506,-34.951693
1351,-8.055506,-34.951693
1352,-8.055506,-34.951693
1353,-8.055506,-34.951693
1354,-8.055506,-34.951693
1355,-8.055506,-34.951693
1356,-8.055506,-34.951693
1357,-8.055506,-34.951693
1358,-8.055506,-34.951693
1359,-8.055506,-34.951693
1360,-8.055506,-34.951693
1361,-8.055506,-34.951693
1362,-8.055506,-34.951693
1363,-8.055506,-34.951693
1364,-8.055506,-34.951693
1365,-8.055506,-34.951693
1366,-8.055506,-34.951693
1367,-8.055506,-34.951693
1368,-8.055506,-34.951693
1369,-8.055506,-34.951693
1370,-8.055506,-34.951693
1371,-8.055506,-34.951693
1372,-8.055506,-34.951693
1373,-8.055506,-34.951693
1374,-8.055506,-34.951693
1375,-8.055506,-34.951693
1376,-8.055506,-34.951693
1377,-8.055506,-34.951693
1378,-8.055506,-34.951693
1379,-8.055506,-34.951693
1380,-8.055506,-34.951693
1381,-8.055506,-34.951693
1382,-8.055506,-34.951693
1383,-8.055506,-34.951693
1384,-8.055506,-34.951693
1385,-8.055506,-34.951693
1386,-8.055506,-34.951693
1387,-8.055506,-34.951693
1388,-8.055506,-34.951693
1389,-8.055506,-34.951693
1390,-8.055506,-34.951693
1391,-8.055506,-34.951693
1392,-8.055506,-34.951693
1393,-8.055506,-34.951693
1394,-8.055506,-34.951693
1395,-8.055506,-34.951693
1396,-8.055506,-34.951693
1397,-8.055506,-34.951693
1398,-8.055506,-34.951693
1399,-8.055506,-34.951693
1400,-8.055506,-34.951693
1401,-8.055506,-34.951693
1402,-8.055506,-34.951693
1403,-8.055506,-34.951693
1404,-8.055506,-34.951693
1405,-8.055506,-34.951693
1406,-8.055506,-34.951693
1407,-8.055506,-34.951693
1408,-8.055506,-34.951693
1409,-8.055506,-34.951693
1410,-8.055506,-34.951693
1411,-8.055506,-34.951693
1412,-8.055506,-34.951693
1413,-8.055506,-34.951693
1414,-8.055506,-34.951693
1415,-8.055506,-34.951693
1416,-8.055506,-34.951693
1417,-8.055506,-34.951693
1418,-8.055506,-34.951693
1419,-8.055506,-34.951693
1420,-8.055506,-34.951693
1421,-8.055506,-34.951693
1422,-8.055506,-34.951693
1423,-8.055506,-34.951693
1424,-8.055506,-34.951693
1425,-8.055506,-34.951693
1426,-8.055506,-34.951693
1427,-8.055506,-34.951693
1428,-8.055506,-34.951693
1429,-8.055506,-34.951693
1430,-8.055506,-34.951693
1431,-8.055506,-34.951693
1432,-8.055506,-34.951693
1433,-8.055506,-34.951693
1434,-8.055506,-34.951693
1435,-8.055506,-34.951693
1436,-8.055506,-34.951693
1437,-8.055506,-34.951693
1438,-8.055506,-34.951693
1439,-8.055506,-34.951693
1440,-8.055506,-34.951693
1441,-8.055506,-34.951693
1442,-8.055506,-34.951693
1443,-8.055506,-34.951693
1444,-8.055833999999999,-34.951362
1445,-8.055506,-34.951693
1446,-8.055506,-34.951693
1447,-8.055506,-34.951693
1448,-8.055506,-34.951693
1449,-8.055506,-34.951693
1450,-8.055506,-34.951693
1451,-8.055506,-34.951693
1452,-8.055506,-34.951693
1453,-8.055506,-34.951693
1454,-8.055506,-34.951693
1455,-8.055506,-34.951693
1456,-8.055506,-34.951693
1457,-8.055506,-34.951693
1458,-8.055506,-34.951693
1459,-8.055506,-34.951693
1460,-8.055506,-34.951693
1461,-8.055506,-34.951693
1462,-8.055506,-34.951693
1463,-8.055506,-34.951693
1464,-8.055506,-34.951693
1465,-8.055506,-34.951693
1466,-8.055506,-34.951693
1467,-8.055506,-34.951693
1468,-8.055506,-34.951693
1469,-8.055506,-34.951693
1470,-8.055506,-34.951693
1471,-8.055506,-34.951693
1472,-8.055506,-34.951693
1473,-8.055506,-34.951693
1474,-8.055506,-34.951693
1475,-8.055506,-34.951693
1476,-8.055506,-34.951693
1477,-8.055506,-34.951693
1478,-8.055506,-34.951693
1479,-8.055506,-34.951693
1480,-8.055506,-34.951693
1481,-8.055506,-34.951693
1482,-8.055506,-34.951693
1483,-8.055506,-34.951693
1484,-8.055506,-34.951693
1485,-8.055506,-34.951693
1486,-8.055506,-34.951693
1487,-8.055506,-34.951693
1488,-8.055506,-34.951693
1489,-8.055506,-34.951693
1490,-8.055506,-34.951693
1491,-8.055506,-34.951693
1492,-8.055506,-34.951693
1493,-8.055506,-34.951693
1494,-8.055506,-34.951693
1495,-8.055506,-34.951693
1496,-8.055506,-34.951693
1497,-8.055506,-34.951693
1498,-8.055506,-34.951693
1499,-8.055506,-34.951693
1500,-8.055506,-34.951693
1501,-8.055506,-34.951693
1502,-8.055506,-34.951693
1503,-8.055506,-34.951693
1504,-8.055506,-34.951693
1505,-8.055506,-34.951693
1506,-8.055506,-34.951693
1507,-8.055506,-34.951693
1508,-8.055506,-34.951693
1509,-8.055506,-34.951693
1510,-8.055506,-34.951693
1511,-8.055506,-34.951693
1512,-8.055506,-34.951693
1513,-8.055506,-34.951693
1514,-8.055506,-34.951693
1515,-8.055506,-34.951693
1516,-8.055506,-34.951693
1517,-8.055506,-34.951693
1518,-8.055506,-34.951693
1519,-8.055506,-34.951693
1520,-8.055506,-34.951693
1521,-8.055506,-34.951693
1522,-8.055506,-34.951693
1523,-8.055506,-34.951693
1524,-8.055506,-34.951693
1525,-8.055506,-34.951693
1526,-8.055506,-34.951693
1527,-8.055506,-34.951693
1528,-8.055506,-34.951693
1529,-8.055506,-34.951693
1530,-8.055506,-34.951693
1531,-8.055506,-34.951693
1532,-8.055506,-34.951693
1533,-8.055506,-34.951693
1534,-8.055506,-34.951693
1535,-8.055506,-34.951693
1536,-8.055506,-34.951693
1537,-8.055506,-34.951693
1538,-8.055506,-34.951693
1539,-8.055506,-34.951693
1540,-8.055506,-34.951693
1541,-8.055506,-34.951693
1542,-8.055506,-34.951693
1543,-8.055506,-34.951693
1544,-8.055506,-34.951693
1545,-8.055506,-34.951693
1546,-8.055506,-34.951693
1547,-8.055784,-34.951608
1548,-8.055784,-34.951608
1549,-8.055784,-34.951608
1550,-8.055784,-34.951608
1551,-8.055784,-34.951608
1552,-8.055784,-34.951608
1553,-8.055784,-34.951608
1554,-8.055784,-34.951608
1555,-8.055784,-34.951608
1556,-8.055784,-34.951608
1557,-8.055784,-34.951608
1558,-8.055784,-34.951608
1559,-8.055784,-34.951608
1560,-8.055784,-34.951608
1561,-8.055784,-34.951608
1562,-8.055784,-34.951608
1563,-8.055784,-34.951608
1564,-8.055784,-34.951608
1565,-8.055784,-34.951608
1566,-8.055784,-34.951608
1567,-8.055784,-34.951608
1568,-8.055784,-34.951608
1569,-8.055784,-34.951608
1570,-8.055784,-34.951608
1571,-8.055784,-34.951608
1572,-8.055784,-34.951608
1573,-8.055784,-34.951608
1574,-8.055784,-34.951608
1575,-8.055784,-34.951608
1576,-8.055784,-34.951608
1577,-8.055784,-34.951608
1578,-8.055784,-34.951608
1579,-8.055784,-34.951608
1580,-8.055784,-34.951608
1581,-8.055784,-34.951608
1582,-8.055784,-34.951608
1583,-8.055784,-34.951608
1584,-8.055784,-34.951608
1585,-8.055784,-34.951608
1586,-8.055784,-34.951608
1587,-8.055784,-34.951608
1588,-8.055784,-34.951608
1589,-8.055784,-34.951608
1590,-8.055784,-34.951608
1591,-8.055784,-34.951608
1592,-8.055784,-34.951608
1593,-8.055784,-34.951608
1594,-8.055784,-34.951608
1595,-8.055784,-34.951608
1596,-8.055784,-34.951608
1597,-8.055784,-34.951608
1598,-8.055784,-34.951608
1599,-8.055784,-34.951608
1600,-8.055784,-34.951608
1601,-8.055784,-34.951608
1602,-8.055784,-34.951608
1603,-8.055784,-34.951608
1604,-8.055784,-34.951608
1605,-8.055784,-34.951608
1606,-8.055784,-34.951608
1607,-8.055784,-34.951608
1608,-8.055784,-34.951608
1609,-8.055784,-34.951608
1610,-8.055784,-34.951608
1611,-8.055784,-34.951608
1612,-8.055784,-34.951608
1613,-8.055784,-34.951608
1614,-8.055784,-34.951608
1615,-8.055784,-34.951608
1616,-8.055784,-34.951608
1617,-8.055784,-34.951608
1618,-8.055784,-34.951608
1619,-8.055784,-34.951608
1620,-8.055784,-34.951608
1621,-8.055784,-34.951608
1622,-8.055784,-34.951608
1623,-8.055784,-34.951608
1624,-8.055784,-34.951608
1625,-8.055784,-34.951608
1626,-8.055784,-34.951608
1627,-8.055784,-34.951608
1628,-8.055784,-34.951608
1629,-8.055784,-34.951608
1630,-8.055784,-34.951608
1631,-8.055784,-34.951608
1632,-8.055784,-34.951608
1633,-8.055784,-34.951608
1634,-8.055784,-34.951608
1635,-8.055784,-34.951608
1636,-8.055784,-34.951608
1637,-8.055784,-34.951608
1638,-8.055784,-34.951608
1639,-8.055784,-34.951608
1640,-8.055784,-34.951608
1641,-8.055784,-34.951608
1642,-8.055784,-34.951608
1643,-8.055784,-34.951608
1644,-8.055784,-34.951608
1645,-8.055784,-34.951608
1646,-8.055784,-34.951608
1647,-8.055784,-34.951608
1648,-8.055784,-34.951608
1649,-8.055784,-34.951608
1650,-8.055784,-34.951608
1651,-8.055784,-34.951608
1652,-8.055784,-34.951608
1653,-8.055784,-34.951608
1654,-8.055784,-34.951608
1655,-8.055784,-34.951608
1656,-8.055784,-34.951608
1657,-8.055784,-34.951608
1658,-8.055784,-34.951608
1659,-8.055784,-34.951608
1660,-8.055784,-34.951608
1661,-8.055784,-34.951608
1662,-8.055784,-34.951608
1663,-8.055784,-34.951608
1664,-8.055784,-34.951608
1665,-8.055784,-34.951608
1666,-8.055784,-34.951608
1667,-8.055784,-34.951608
1668,-8.055784,-34.951608
1669,-8.055784,-34.951608
1670,-8.055784,-34.951608
1671,-8.055784,-34.951608
1672,-8.055784,-34.951608
1673,-8.055784,-34.951608
1674,-8.055784,-34.951608
1675,-8.055784,-34.951608
1676,-8.055784,-34.951608
1677,-8.055784,-34.951608
1678,-8.055784,-34.951608
1679,-8.055784,-34.951608
1680,-8.055784,-34.951608
1681,-8.055784,-34.951608
1682,-8.055784,-34.951608
1683,-8.055784,-34.951608
1684,-8.055784,-34.951608
1685,-8.055784,-34.951608
1686,-8.055784,-34.951608
1687,-8.055784,-34.951608
1688,-8.055784,-34.951608
1689,-8.055784,-34.951608
1690,-8.055784,-34.951608
1691,-8.055784,-34.951608
1692,-8.055784,-34.951608
1693,-8.055784,-34.951608
1694,-8.055784,-34.951608
1695,-8.055784,-34.951608
1696,-8.055784,-34.951608
1697,-8.055784,-34.951608
1698,-8.055784,-34.951608
1699,-8.055784,-34.951608
1700,-8.055784,-34.951608
1701,-8.055784,-34.951608
1702,-8.055784,-34.951608
1703,-8.055784,-34.951608
1704,-8.055784,-34.951608
1705,-8.055784,-34.951608
1706,-8.055784,-34.951608
1707,-8.055784,-34.951608
1708,-8.055784,-34.951608
1709,-8.055784,-34.951608
1710,-8.055784,-34.951608
1711,-8.055784,-34.951608
1712,-8.055784,-34.951608
1713,-8.055784,-34.951608
1714,-8.055784,-34.951608
1715,-8.055784,-34.951608
1716,-8.055784,-34.951608
1717,-8.055784,-34.951608
1718,-8.055784,-34.951608
1719,-8.055784,-34.951608
1720,-8.055784,-34.951608
1721,-8.055784,-34.951608
1722,-8.055784,-34.951608
1723,-8.055784,-34.951608
1724,-8.055784,-34.951608
1725,-8.055784,-34.951608
1726,-8.055784,-34.951608
1727,-8.055784,-34.951608
1728,-8.055784,-34.951608
1729,-8.055784,-34.951608
1730,-8.055784,-34.951608
1731,-8.055784,-34.951608
1732,-8.055784,-34.951608
1733,-8.055784,-34.951608
1734,-8.055784,-34.951608
1735,-8.055784,-34.951608
1736,-8.055784,-34.951608
1737,-8.055784,-34.951608
1738,-8.055784,-34.951608
1739,-8.055784,-34.951608
1740,-8.055784,-34.951608
1741,-8.055784,-34.951608
1742,-8.055784,-34.951608
1743,-8.055784,-34.951608
1744,-8.055784,-34.951608
1745,-8.055784,-34.951608
1746,-8.055784,-34.951608
1747,-8.055784,-34.951608
1748,-8.055784,-34.951608
1749,-8.055784,-34.951608
1750,-8.055784,-34.951608
1751,-8.055784,-34.951608
1752,-8.055784,-34.951608
1753,-8.055784,-34.951608
1754,-8.055784,-34.951608
1755,-8.055784,-34.951608
1756,-8.055784,-34.951608
1757,-8.055784,-34.951608
1758,-8.055784,-34.951608
1759,-8.055784,-34.951608
1760,-8.055784,-34.951608
1761,-8.055784,-34.951608
1762,-8.055784,-34.951608
1763,-8.055784,-34.951608
1764,-8.055784,-34.951608
1765,-8.055784,-34.951608
1766,-8.055784,-34.951608
1767,-8.055784,-34.951608
1768,-8.055784,-34.951608
1769,-8.055784,-34.951608
1770,-8.055784,-34.951608
1771,-8.055784,-34.951608
1772,-8.055784,-34.951608
1773,-8.055784,-34.951608
1774,-8.055784,-34.951608
1775,-8.055784,-34.951608
1776,-8.055784,-34.951608
1777,-8.055784,-34.951608
1778,-8.055786,-34.951505
1779,-8.055786,-34.951505
1780,-8.055786,-34.951505
1781,-8.055786,-34.951505
1782,-8.055786,-34.951505
1783,-8.055786,-34.951505
1784,-8.055786,-34.951505
1785,-8.055786,-34.951505
1786,-8.055786,-34.951505
1787,-8.055786,-34.951505
1788,-8.055786,-34.951505
1789,-8.055786,-34.951505
1790,-8.055786,-34.951505
1791,-8.055786,-34.951505
1792,-8.055786,-34.951505
1793,-8.055786,-34.951505
1794,-8.055786,-34.951505
1795,-8.055786,-34.951505
1796,-8.055786,-34.951505
1797,-8.055786,-34.951505
1798,-8.055786,-34.951505
1799,-8.055786,-34.951505
1800,-8.055786,-34.951505
1801,-8.055786,-34.951505
1802,-8.055786,-34.951505
1803,-8.055786,-34.951505
1804,-8.055786,-34.951505
1805,-8.055786,-34.951505
1806,-8.055786,-34.951505
1807,-8.055786,-34.951505
1808,-8.055786,-34.951505
1809,-8.055786,-34.951505
1810,-8.055786,-34.951505
1811,-8.055786,-34.951505
1812,-8.055786,-34.951505
1813,-8.055786,-34.951505
1814,-8.055786,-34.951505
1815,-8.055786,-34.951505
1816,-8.055786,-34.951505
1817,-8.055786,-34.951505
1818,-8.055786,-34.951505
1819,-8.055786,-34.951505
1820,-8.055786,-34.951505
1821,-8.055786,-34.951505
1822,-8.055786,-34.951505
1823,-8.055786,-34.951505
1824,-8.055786,-34.951505
1825,-8.055786,-34.951505
1826,-8.055786,-34.951505
1827,-8.055786,-34.951505
1828,-8.055786,-34.951505
1829,-8.055786,-34.951505
1830,-8.055786,-34.951505
1831,-8.055786,-34.951505
1832,-8.055786,-34.951505
1833,-8.055786,-34.951505
1834,-8.055786,-34.951505
1835,-8.055786,-34.951505
1836,-8.055786,-34.951505
1837,-8.055786,-34.951505
1838,-8.055786,-34.951505
1839,-8.055786,-34.951505
1840,-8.055786,-34.951505
1841,-8.055786,-34.951505
1842,-8.055786,-34.951505
1843,-8.055786,-34.951505
1844,-8.055786,-34.951505
1845,-8.055786,-34.951505
1846,-8.055786,-34.951505
1847,-8.055786,-34.951505
1848,-8.055786,-34.951505
1849,-8.055786,-34.951505
1850,-8.055786,-34.951505
1851,-8.055786,-34.951505
1852,-8.055786,-34.951505
1853,-8.055786,-34.951505
1854,-8.055786,-34.951505
1855,-8.055786,-34.951505
1856,-8.055786,-34.951505
1857,-8.055786,-34.951505
1858,-8.055786,-34.951505
1859,-8.055786,-34.951505
1860,-8.055786,-34.951505
1861,-8.055786,-34.951505
1862,-8.055786,-34.951505
1863,-8.055786,-34.951505
1864,-8.055786,-34.951505
1865,-8.055786,-34.951505
1866,-8.055786,-34.951505
1867,-8.055786,-34.951505
1868,-8.055786,-34.951505
1869,-8.055786,-34.951505
1870,-8.055786,-34.951505
1871,-8.055786,-34.951505
1872,-8.055786,-34.951505
1873,-8.055786,-34.951505
1874,-8.055786,-34.951505
1875,-8.055786,-34.951505
1876,-8.055786,-34.951505
1877,-8.055786,-34.951505
1878,-8.055786,-34.951505
1879,-8.055786,-34.951505
1880,-8.055786,-34.951505
1881,-8.055786,-34.951505
1882,-8.055786,-34.951505
1883,-8.055786,-34.951505
1884,-8.055786,-34.951505
1885,-8.055786,-34.951505
1886,-8.055786,-34.951505
1887,-8.055786,-34.951505
1888,-8.055786,-34.951505
1889,-8.055786,-34.951505
1890,-8.055786,-34.951505
1891,-8.055786,-34.951505
1892,-8.055786,-34.951505
1893,-8.055786,-34.951505
1894,-8.055786,-34.951505
1895,-8.055786,-34.951505
1896,-8.055786,-34.951505
1897,-8.055786,-34.951505
1898,-8.055786,-34.951505
1899,-8.055786,-34.951505
1900,-8.055786,-34.951505
1901,-8.055786,-34.951505
1902,-8.055786,-34.951505
1903,-8.055786,-34.951505
1904,-8.055786,-34.951505
1905,-8.055786,-34.951505
1906,-8.055786,-34.951505
1907,-8.055786,-34.951505
1908,-8.055786,-34.951505
1909,-8.055786,-34.951505
1910,-8.055786,-34.951505
1911,-8.055786,-34.951505
1912,-8.055786,-34.951505
1913,-8.055786,-34.951505
1914,-8.055786,-34.951505
1915,-8.055786,-34.951505
1916,-8.055786,-34.951505
1917,-8.055786,-34.951505
1918,-8.055786,-34.951505
1919,-8.055786,-34.951505
1920,-8.055786,-34.951505
1921,-8.055786,-34.951505
1922,-8.055786,-34.951505
1923,-8.055786,-34.951505
1924,-8.055786,-34.951505
1925,-8.055786,-34.951505
1926,-8.055786,-34.951505
1927,-8.055786,-34.951505
1928,-8.055786,-34.951505
1929,-8.055786,-34.951505
1930,-8.055786,-34.951505
1931,-8.055786,-34.951505
1932,-8.055786,-34.951505
1933,-8.055786,-34.951505
1934,-8.055786,-34.951505
1935,-8.055786,-34.951505
1936,-8.055786,-34.951505
1937,-8.055786,-34.951505
1938,-8.055786,-34.951505
1939,-8.055786,-34.951505
1940,-8.055786,-34.951505
1941,-8.055786,-34.951505
1942,-8.055786,-34.951505
1943,-8.055786,-34.951505
1944,-8.055786,-34.951505
1945,-8.055786,-34.951505
1946,-8.055786,-34.951505
1947,-8.055786,-34.951505
1948,-8.055786,-34.951505
1949,-8.055786,-34.951505
1950,-8.055786,-34.951505
1951,-8.055786,-34.951505
1952,-8.055786,-34.951505
1953,-8.055786,-34.951505
1954,-8.055786,-34.951505
1955,-8.055786,-34.951505
1956,-8.055786,-34.951505
1957,-8.055786,-34.951505
1958,-8.055786,-34.951505
1959,-8.055786,-34.951505
1960,-8.055786,-34.951505
1961,-8.055786,-34.951505
1962,-8.055786,-34.951505
1963,-8.055786,-34.951505
1964,-8.055786,-34.951505
1965,-8.055786,-34.951505
1966,-8.055786,-34.951505
1967,-8.055786,-34.951505
1968,-8.055786,-34.951505
1969,-8.055786,-34.951505
1970,-8.055786,-34.951505
1971,-8.055786,-34.951505
1972,-8.055786,-34.951505
1973,-8.055786,-34.951505
1974,-8.055786,-34.951505
1975,-8.055786,-34.951505
1976,-8.055786,-34.951505
1977,-8.055786,-34.951505
1978,-8.055786,-34.951505
1979,-8.055786,-34.951505
1980,-8.055786,-34.951505
1981,-8.055786,-34.951505
1982,-8.055786,-34.951505
1983,-8.055786,-34.951505
1984,-8.055786,-34.951505
1985,-8.055786,-34.951505
1986,-8.055786,-34.951505
1987,-8.055786,-34.951505
1988,-8.055786,-34.951505
1989,-8.055786,-34.951505
1990,-8.055786,-34.951505
1991,-8.055786,-34.951505
1992,-8.055786,-34.951505
1993,-8.055786,-34.951505
1994,-8.05952,-34.94632
1995,-8.05952,-34.94632
1996,-8.05904,-34.9479
1997,-8.05748,-34.9465
1998,-8.05833,-34.94638
1999,-8.05914,-34.9462
2000,-8.05925,-34.94717
2001,-8.05925,-34.94717
2002,-8.0592,-34.94733
2003,-8.05904,-34.9479
2004,-8.05913,-34.94758
2005,-8.05889,-34.946259999999995
2006,-8.05847,-34.94977
2007,-8.05772,-34.95225
2008,-8.05898,-34.94808
2009,-8.058639999999999,-34.94923
2010,-8.05895,-34.94818
2011,-8.05866,-34.94917
2012,-8.05561,-34.9506
2013,-8.05866,-34.94917
2014,-8.058639999999999,-34.94923
2015,-8.05565,-34.95061
2016,-8.05866,-34.94917
2017,-8.058639999999999,-34.94923
2018,-8.0585,-34.94968
2019,-8.05752,-34.95288
2020,-8.05866,-34.94917
2021,-8.05898,-34.94808
2022,-8.05844,-34.94985
2023,-8.05775,-34.95215
2024,-8.05844,-34.94985
2025,-8.05835,-34.95017
2026,-8.05719,-34.94653
2027,-8.05844,-34.94985
2028,-8.05844,-34.94988
2029,-8.05883,-34.948609999999995
2030,-8.05795,-34.95149
2031,-8.05785,-34.95179
2032,-8.05795,-34.95149
2033,-8.05795,-34.95149
2034,-8.05795,-34.95149
2035,-8.05867,-34.94915
2036,-8.05795,-34.95149
2037,-8.057310000000001,-34.95357
2038,-8.057310000000001,-34.95357
2039,-8.057310000000001,-34.95357
2040,-8.05664,-34.94655
2041,-8.05543,-34.95371
2042,-8.05565,-34.956309999999995
2043,-8.057269999999999,-34.95369
2044,-8.05432,-34.95412
2045,-8.05432,-34.95412
2046,-8.05681,-34.95521
2047,-8.05678,-34.95531
2048,-8.05668,-34.95561
2049,-8.05681,-34.95521
2050,-8.05658,-34.95512
2051,-8.05678,-34.95531
2052,-8.05678,-34.95531
2053,-8.05658,-34.95512
2054,-8.0566,-34.955220000000004
2055,-8.05636,-34.95508
2056,-8.056519999999999,-34.9551
2057,-8.05643,-34.95068
2058,-8.05626,-34.95067
2059,-8.05643,-34.95069
2060,-8.056510000000001,-34.94655
2061,-8.05638,-34.95662
2062,-8.05643,-34.95069
2063,-8.05691,-34.95491
2064,-8.05463,-34.94965
2065,-8.05655,-34.95511
2066,-8.056410000000001,-34.95068
2067,-8.05627,-34.95704
2068,-8.056189999999999,-34.9508
2069,-8.05633,-34.95068
2070,-8.0563,-34.9565
2071,-8.05617,-34.957370000000004
2072,-8.05621,-34.95074
2073,-8.05556,-34.95497
2074,-8.056189999999999,-34.9508
2075,-8.05617,-34.957370000000004
2076,-8.05638,-34.95657
2077,-8.05615,-34.95082
2078,-8.056189999999999,-34.9508
2079,-8.05609,-34.95065
2080,-8.05625,-34.95649
2081,-8.05925,-34.94717
2082,-8.0563,-34.95695
2083,-8.05546,-34.9563
2084,-8.0563,-34.95507
2085,-8.05638,-34.95657
2086,-8.05592,-34.95813
2087,-8.055819999999999,-34.955009999999994
2088,-8.0559,-34.95837
2089,-8.05575,-34.95806
2090,-8.0559,-34.95837
2091,-8.05579,-34.95807
2092,-8.055819999999999,-34.955009999999994
2093,-8.05593,-34.95503
2094,-8.0559,-34.95837
2095,-8.05541,-34.955940000000005
2096,-8.05611,-34.94655
2097,-8.05539,-34.95795
2098,-8.0555,-34.95915
2099,-8.05583,-34.95859
2100,-8.05578,-34.95639
2101,-8.05579,-34.95879
2102,-8.055769999999999,-34.955
2103,-8.056410000000001,-34.95071
2104,-8.055639999999999,-34.9591
2105,-8.05575,-34.95883
2106,-8.05556,-34.95494
2107,-8.055439999999999,-34.959140000000005
2108,-8.055769999999999,-34.955
2109,-8.0554,-34.95613
2110,-8.05567,-34.95495
2111,-8.05567,-34.95495
2112,-8.055639999999999,-34.95075
2113,-8.05224,-34.95978
2114,-8.055710000000001,-34.955009999999994
2115,-8.05561,-34.95417
2116,-8.05568,-34.95393
2117,-8.05562,-34.95395
2118,-8.05562,-34.95389
2119,-8.055589999999999,-34.95374
2120,-8.0563,-34.95507
2121,-8.055539999999999,-34.954809999999995
2122,-8.05561,-34.95417
2123,-8.05567,-34.95405
2124,-8.05562,-34.95395
2125,-8.055539999999999,-34.95376
2126,-8.05565,-34.95429
2127,-8.05562,-34.95405
2128,-8.055589999999999,-34.95438
2129,-8.0585,-34.94968
2130,-8.055639999999999,-34.95456
2131,-8.05558,-34.9545
2132,-8.05565,-34.95429
2133,-8.055539999999999,-34.95487
2134,-8.05522,-34.95004
2135,-8.055539999999999,-34.95487
2136,-8.05563,-34.95467
2137,-8.05558,-34.9545
2138,-8.05575,-34.95806
2139,-8.0556,-34.955040000000004
2140,-8.05557,-34.95474
2141,-8.05556,-34.95452
2142,-8.05681,-34.95521
2143,-8.055530000000001,-34.9553
2144,-8.05557,-34.95463
2145,-8.05557,-34.95463
2146,-8.055539999999999,-34.953720000000004
2147,-8.055489999999999,-34.95528
2148,-8.05551,-34.95516
2149,-8.05546,-34.95557
2150,-8.05562,-34.95424000000001
2151,-8.05561,-34.95431
2152,-8.05551,-34.95507
2153,-8.05674,-34.95541
2154,-8.05526,-34.9579
2155,-8.05551,-34.95558
2156,-8.056189999999999,-34.9508
2157,-8.0555,-34.95568
2158,-8.05552,-34.955459999999995
2159,-8.05552,-34.955459999999995
2160,-8.055489999999999,-34.95528
2161,-8.05546,-34.95602
2162,-8.05547,-34.95545
2163,-8.05552,-34.955459999999995
2164,-8.056230000000001,-34.95071
2165,-8.05557,-34.95629
2166,-8.05526,-34.9579
2167,-8.05546,-34.95557
2168,-8.05547,-34.95545
2169,-8.055439999999999,-34.95564
2170,-8.05543,-34.950720000000004
2171,-8.05543,-34.95622
2172,-8.05621,-34.95075
2173,-8.055439999999999,-34.959140000000005
2174,-8.05541,-34.95602
2175,-8.05543,-34.95622
2176,-8.05691,-34.95491
2177,-8.05543,-34.95368
2178,-8.053519999999999,-34.94865
2179,-8.0554,-34.9561
2180,-8.05543,-34.95622
2181,-8.05691,-34.95491
2182,-8.05543,-34.95368
2183,-8.05537,-34.95066
2184,-8.05543,-34.95368
2185,-8.05543,-34.95371
2186,-8.0553,-34.951190000000004
2187,-8.05539,-34.950720000000004
2188,-8.05535,-34.9508
2189,-8.0555,-34.95915
2190,-8.05867,-34.94915
2191,-8.05609,-34.95505
2192,-8.05545,-34.94654
2193,-8.05462,-34.94965
2194,-8.05528,-34.95369
2195,-8.05529,-34.95122
2196,-8.05579,-34.95879
2197,-8.05556,-34.95074
2198,-8.05543,-34.95368
2199,-8.055639999999999,-34.95075
2200,-8.05223,-34.95538
2201,-8.05461,-34.95364
2202,-8.05863,-34.94925
2203,-8.05522,-34.95194
2204,-8.05519,-34.95236
2205,-8.05517,-34.95251
2206,-8.05451,-34.95365
2207,-8.05524,-34.953590000000005
2208,-8.05524,-34.95922
2209,-8.05538,-34.9537
2210,-8.05517,-34.95337
2211,-8.05517,-34.95251
2212,-8.05537,-34.9507
2213,-8.05512,-34.952870000000004
2214,-8.05538,-34.9537
2215,-8.05543,-34.95622
2216,-8.05511,-34.95303
2217,-8.05539,-34.950720000000004
2218,-8.05513,-34.95787
2219,-8.054969999999999,-34.95929
2220,-8.05492,-34.95782
2221,-8.055019999999999,-34.95364
2222,-8.05535,-34.95098
2223,-8.05614,-34.95648
2224,-8.05618,-34.95066
2225,-8.0549,-34.95928
2226,-8.05471,-34.95609
2227,-8.05464,-34.95938
2228,-8.05471,-34.95606
2229,-8.05452,-34.95601
2230,-8.05443,-34.95391
2231,-8.05363,-34.95967
2232,-8.05485,-34.95363
2233,-8.05465,-34.95774
2234,-8.05464,-34.95938
2235,-8.05458,-34.95361
2236,-8.05584,-34.95063
2237,-8.05503,-34.94653
2238,-8.05471,-34.95609
2239,-8.05458,-34.94963
2240,-8.05415,-34.957609999999995
2241,-8.05447,-34.95605
2242,-8.05402,-34.955890000000004
2243,-8.0546,-34.95362
2244,-8.05425,-34.95688
2245,-8.05446,-34.95612
2246,-8.05443,-34.95391
2247,-8.054260000000001,-34.95596
2248,-8.05439,-34.95636
2249,-8.054260000000001,-34.95596
2250,-8.05439,-34.95636
2251,-8.0547,-34.95364
2252,-8.05449,-34.9536
2253,-8.054269999999999,-34.95411
2254,-8.05412,-34.9576
2255,-8.05439,-34.95636
2256,-8.054269999999999,-34.95358
2257,-8.05435,-34.9565
2258,-8.05435,-34.9565
2259,-8.0543,-34.95944
2260,-8.05432,-34.95412
2261,-8.05435,-34.9565
2262,-8.05482,-34.95365
2263,-8.0543,-34.95944
2264,-8.05424,-34.95694
2265,-8.054269999999999,-34.95411
2266,-8.05433,-34.94947
2267,-8.0543,-34.95944
2268,-8.05443,-34.95391
2269,-8.0541,-34.95754
2270,-8.05413,-34.95741
2271,-8.054310000000001,-34.94947
2272,-8.05412,-34.9576
2273,-8.0542,-34.9595
2274,-8.05415,-34.957609999999995
2275,-8.05414,-34.94937
2276,-8.05414,-34.94937
2277,-8.05862,-34.94928
2278,-8.05401,-34.949290000000005
2279,-8.05368,-34.95962
2280,-8.05535,-34.95028
2281,-8.0539,-34.94925
2282,-8.05177,-34.94866
2283,-8.05648,-34.95068
2284,-8.05183,-34.94835
2285,-8.05401,-34.949290000000005
2286,-8.05385,-34.9596
2287,-8.05152,-34.950109999999995
2288,-8.05425,-34.95688
2289,-8.0536,-34.95964
2290,-8.05374,-34.9535
2291,-8.05143,-34.95069
2292,-8.05358,-34.94906
2293,-8.05363,-34.95967
2294,-8.05535,-34.9508
2295,-8.053889999999999,-34.94827
2296,-8.05358,-34.94906
2297,-8.053889999999999,-34.94827
2298,-8.05359,-34.95577
2299,-8.05447,-34.94651
2300,-8.05074,-34.95317
2301,-8.053410000000001,-34.94878
2302,-8.05359,-34.95577
2303,-8.05358,-34.94906
2304,-8.05273,-34.94858
2305,-8.05355,-34.949040000000004
2306,-8.05358,-34.94906
2307,-8.05365,-34.94838
2308,-8.053519999999999,-34.94865
2309,-8.05359,-34.9465
2310,-8.05353,-34.94858
2311,-8.05038,-34.950509999999994
2312,-8.05367,-34.94833
2313,-8.0534,-34.94896
2314,-8.050510000000001,-34.953959999999995
2315,-8.053519999999999,-34.94903
2316,-8.05349,-34.9597
2317,-8.05342,-34.94878
2318,-8.05345,-34.9487
2319,-8.05433,-34.94947
2320,-8.05353,-34.94858
2321,-8.05359,-34.9465
2322,-8.05299,-34.94873
2323,-8.052539999999999,-34.95336
2324,-8.05299,-34.94873
2325,-8.05338,-34.94893
2326,-8.0534,-34.94882
2327,-8.05299,-34.9556
2328,-8.0534,-34.94882
2329,-8.05297,-34.95973
2330,-8.0534,-34.94882
2331,-8.053180000000001,-34.948840000000004
2332,-8.05335,-34.95969
2333,-8.05299,-34.9556
2334,-8.05297,-34.95973
2335,-8.05292,-34.95389
2336,-8.053180000000001,-34.94886
2337,-8.05335,-34.95969
2338,-8.05315,-34.9465
2339,-8.0533,-34.95973
2340,-8.05058,-34.95328
2341,-8.05294,-34.95389
2342,-8.05223,-34.9482
2343,-8.05315,-34.9465
2344,-8.05289,-34.95388
2345,-8.05285,-34.95349
2346,-8.05282,-34.95555
2347,-8.05293,-34.9534
2348,-8.052810000000001,-34.95342
2349,-8.052439999999999,-34.94587
2350,-8.05282,-34.95555
2351,-8.05285,-34.95563
2352,-8.05292,-34.95389
2353,-8.05284,-34.95558
2354,-8.05275,-34.95339
2355,-8.05275,-34.95339
2356,-8.052489999999999,-34.95616
2357,-8.0526,-34.946459999999995
2358,-8.051789999999999,-34.94647
2359,-8.05182,-34.94617
2360,-8.05223,-34.94742
2361,-8.05258,-34.94596
2362,-8.05284,-34.95374
2363,-8.051860000000001,-34.9461
2364,-8.05285,-34.95563
2365,-8.05218,-34.94787
2366,-8.05273,-34.9486
2367,-8.05251,-34.95613
2368,-8.05188,-34.94808
2369,-8.05286,-34.94866
2370,-8.05227,-34.94712
2371,-8.052430000000001,-34.95543
2372,-8.0526,-34.946459999999995
2373,-8.05312,-34.94882
2374,-8.052489999999999,-34.95616
2375,-8.05273,-34.95552
2376,-8.0523,-34.946909999999995
2377,-8.052610000000001,-34.959790000000005
2378,-8.05251,-34.95336
2379,-8.05247,-34.94845
2380,-8.05232,-34.9564
2381,-8.05242,-34.9467
2382,-8.052439999999999,-34.94587
2383,-8.05258,-34.95337
2384,-8.05038,-34.953140000000005
2385,-8.05237,-34.94839
2386,-8.05228,-34.94831
2387,-8.051730000000001,-34.95766
2388,-8.05214,-34.94834
2389,-8.0524,-34.94678
2390,-8.04986,-34.94585
2391,-8.052439999999999,-34.94841
2392,-8.05223,-34.9482
2393,-8.05225,-34.94728
2394,-8.05222,-34.94814
2395,-8.05188,-34.94808
2396,-8.05253,-34.94848
2397,-8.05215,-34.94821
2398,-8.05222,-34.94814
2399,-8.05223,-34.94794
2400,-8.05223,-34.94768
2401,-8.05222,-34.94812
2402,-8.05224,-34.94753
2403,-8.0522,-34.94771
2404,-8.05187,-34.94788
2405,-8.05218,-34.94756
2406,-8.05223,-34.948170000000005
2407,-8.05235,-34.95541
2408,-8.05222,-34.94812
2409,-8.05223,-34.94813
2410,-8.05228,-34.94831
2411,-8.05228,-34.94831
2412,-8.05225,-34.95539
2413,-8.053180000000001,-34.94886
2414,-8.05178,-34.94875
2415,-8.0528,-34.948640000000005
2416,-8.05182,-34.94617
2417,-8.05345,-34.94874
2418,-8.05222,-34.95981
2419,-8.05219,-34.95661
2420,-8.051110000000001,-34.950590000000005
2421,-8.05206,-34.95008
2422,-8.05227,-34.94712
2423,-8.0516,-34.95981
2424,-8.05219,-34.95661
2425,-8.052019999999999,-34.95117
2426,-8.05135,-34.9515
2427,-8.051910000000001,-34.94756
2428,-8.05209,-34.95682
2429,-8.04984,-34.95309
2430,-8.05133,-34.95162
2431,-8.05185,-34.94803
2432,-8.05195,-34.94726
2433,-8.0522,-34.94771
2434,-8.05187,-34.94788
2435,-8.052010000000001,-34.95163
2436,-8.05185,-34.94786
2437,-8.05182,-34.94617
2438,-8.051960000000001,-34.9468
2439,-8.051919999999999,-34.94748
2440,-8.0521,-34.956790000000005
2441,-8.051860000000001,-34.95527
2442,-8.05175,-34.95327
2443,-8.052010000000001,-34.95163
2444,-8.051860000000001,-34.95323
2445,-8.051969999999999,-34.94766
2446,-8.052,-34.947590000000005
2447,-8.051910000000001,-34.94785
2448,-8.05172,-34.955220000000004
2449,-8.05187,-34.94789
2450,-8.05199,-34.94763
2451,-8.05195,-34.947590000000005
2452,-8.051919999999999,-34.94748
2453,-8.051919999999999,-34.94748
2454,-8.051969999999999,-34.95982
2455,-8.05187,-34.94789
2456,-8.0519,-34.94795
2457,-8.0519,-34.94795
2458,-8.051910000000001,-34.94756
2459,-8.051969999999999,-34.95236
2460,-8.05225,-34.94736
2461,-8.05372,-34.94829
2462,-8.0519,-34.94795
2463,-8.0519,-34.94795
2464,-8.051910000000001,-34.94785
2465,-8.05187,-34.94789
2466,-8.05185,-34.94786
2467,-8.05189,-34.95726
2468,-8.05185,-34.9482
2469,-8.05223,-34.9482
2470,-8.05182,-34.95743
2471,-8.051969999999999,-34.94766
2472,-8.05194,-34.94769
2473,-8.05212,-34.94877
2474,-8.051789999999999,-34.94647
2475,-8.05212,-34.94868
2476,-8.051810000000001,-34.948370000000004
2477,-8.05178,-34.95329
2478,-8.05211,-34.94903
2479,-8.051810000000001,-34.948370000000004
2480,-8.051789999999999,-34.94647
2481,-8.05177,-34.95754
2482,-8.0521,-34.94923
2483,-8.051810000000001,-34.948370000000004
2484,-8.05172,-34.94917
2485,-8.05176,-34.94892
2486,-8.05175,-34.95327
2487,-8.05209,-34.94942
2488,-8.051739999999999,-34.95763
2489,-8.051810000000001,-34.948370000000004
2490,-8.05227,-34.94712
2491,-8.050510000000001,-34.94597
2492,-8.05462,-34.949659999999994
2493,-8.0517,-34.94782
2494,-8.051680000000001,-34.95981
2495,-8.048589999999999,-34.950990000000004
2496,-8.05391,-34.94827
2497,-8.05172,-34.94917
2498,-8.05154,-34.95022
2499,-8.05076,-34.95057
2500,-8.05312,-34.9488
2501,-8.05209,-34.94932
2502,-8.0516,-34.95981
2503,-8.05147,-34.95038
2504,-8.05161,-34.94961
2505,-8.05161,-34.94979
2506,-8.0516,-34.949870000000004
2507,-8.052439999999999,-34.94587
2508,-8.051630000000001,-34.95787
2509,-8.05078,-34.94762
2510,-8.0516,-34.949690000000004
2511,-8.05166,-34.949290000000005
2512,-8.05154,-34.95022
2513,-8.05154,-34.95003
2514,-8.05064,-34.9476
2515,-8.05097,-34.95057
2516,-8.0516,-34.949690000000004
2517,-8.05157,-34.958
2518,-8.05175,-34.95327
2519,-8.05152,-34.950109999999995
2520,-8.05149,-34.95045
2521,-8.051860000000001,-34.95982
2522,-8.05205,-34.95018
2523,-8.05149,-34.95045
2524,-8.05133,-34.94777
2525,-8.05144,-34.95515
2526,-8.051160000000001,-34.95061
2527,-8.05143,-34.95069
2528,-8.05159,-34.95327
2529,-8.05143,-34.95061
2530,-8.05149,-34.95039000000001
2531,-8.05071,-34.94761
2532,-8.05071,-34.94761
2533,-8.05143,-34.95835
2534,-8.05142,-34.95055
2535,-8.05142,-34.95055
2536,-8.05123,-34.9598
2537,-8.05142,-34.95055
2538,-8.05135,-34.95324
2539,-8.05144,-34.95515
2540,-8.05136,-34.950590000000005
2541,-8.05135,-34.95858
2542,-8.05078,-34.94762
2543,-8.05135,-34.95858
2544,-8.0514,-34.95095
2545,-8.04955,-34.95309
2546,-8.05133,-34.94777
2547,-8.0511,-34.95321
2548,-8.04928,-34.95303
2549,-8.0513,-34.95874
2550,-8.05135,-34.94618
2551,-8.051860000000001,-34.9598
2552,-8.05095,-34.94773
2553,-8.05165,-34.955220000000004
2554,-8.051260000000001,-34.947759999999995
2555,-8.04978,-34.95309
2556,-8.0553,-34.951190000000004
2557,-8.05134,-34.95323
2558,-8.05143,-34.95069
2559,-8.05113,-34.95312
2560,-8.05115,-34.95322
2561,-8.05135,-34.94618
2562,-8.050939999999999,-34.95973
2563,-8.05113,-34.95312
2564,-8.051169999999999,-34.95915
2565,-8.05113,-34.95312
2566,-8.05112,-34.95302
2567,-8.05139,-34.95985
2568,-8.051110000000001,-34.950590000000005
2569,-8.04855,-34.94701
2570,-8.05119,-34.95909
2571,-8.04977,-34.95468
2572,-8.05135,-34.94618
2573,-8.05127,-34.95323
2574,-8.051210000000001,-34.94768
2575,-8.05194,-34.95286
2576,-8.04984,-34.95309
2577,-8.04877,-34.95782
2578,-8.05001,-34.95048
2579,-8.05082,-34.95497
2580,-8.05149,-34.95039000000001
2581,-8.05127,-34.95323
2582,-8.051169999999999,-34.959790000000005
2583,-8.05208,-34.94961
2584,-8.05138,-34.94769
2585,-8.051169999999999,-34.959790000000005
2586,-8.05008,-34.945879999999995
2587,-8.05054,-34.95488
2588,-8.05078,-34.95973
2589,-8.0505,-34.95315
2590,-8.050460000000001,-34.95424000000001
2591,-8.05085,-34.95975
2592,-8.05064,-34.95317
2593,-8.05064,-34.9476
2594,-8.05333,-34.953990000000005
2595,-8.0505,-34.95315
2596,-8.050510000000001,-34.95488
2597,-8.04906,-34.95675
2598,-8.05056,-34.9534
2599,-8.050419999999999,-34.95377
2600,-8.05053,-34.953720000000004
2601,-8.05059,-34.95319
2602,-8.05053,-34.953720000000004
2603,-8.05345,-34.95347
2604,-8.05049,-34.95413
2605,-8.050510000000001,-34.953990000000005
2606,-8.05043,-34.94757
2607,-8.05286,-34.95387
2608,-8.050460000000001,-34.95393
2609,-8.050180000000001,-34.953720000000004
2610,-8.050410000000001,-34.95485
2611,-8.05044,-34.954229999999995
2612,-8.050510000000001,-34.953959999999995
2613,-8.05055,-34.953509999999994
2614,-8.050510000000001,-34.95403
2615,-8.05058,-34.95328
2616,-8.05039,-34.954840000000004
2617,-8.05039,-34.954840000000004
2618,-8.050510000000001,-34.94597
2619,-8.05039,-34.954840000000004
2620,-8.050180000000001,-34.953720000000004
2621,-8.05032,-34.95482
2622,-8.05043,-34.94757
2623,-8.049539999999999,-34.9598
2624,-8.05012,-34.953720000000004
2625,-8.05015,-34.94753
2626,-8.04974,-34.9595
2627,-8.0501,-34.95475
2628,-8.04984,-34.95309
2629,-8.05008,-34.945879999999995
2630,-8.05017,-34.95047
2631,-8.05022,-34.947540000000004
2632,-8.0501,-34.95475
2633,-8.0501,-34.95475
2634,-8.0501,-34.95475
2635,-8.050139999999999,-34.95476
2636,-8.04998,-34.95472
2637,-8.05022,-34.947540000000004
2638,-8.04986,-34.94749
2639,-8.04905,-34.94705
2640,-8.05054,-34.95488
2641,-8.05008,-34.95955
2642,-8.04847,-34.95197
2643,-8.04994,-34.9531
2644,-8.04963,-34.95971
2645,-8.04908,-34.95669
2646,-8.049760000000001,-34.95468
2647,-8.04965,-34.94757
2648,-8.04965,-34.94757
2649,-8.05004,-34.953109999999995
2650,-8.04975,-34.95309
2651,-8.05025,-34.95047
2652,-8.04975,-34.94758
2653,-8.05012,-34.95956
2654,-8.04727,-34.95063
2655,-8.04975,-34.94758
2656,-8.048160000000001,-34.9591
2657,-8.049430000000001,-34.947540000000004
2658,-8.049380000000001,-34.95304
2659,-8.04957,-34.95978
2660,-8.04946,-34.94742
2661,-8.04851,-34.95872
2662,-8.05001,-34.95045
2663,-8.049660000000001,-34.95471
2664,-8.0496,-34.9546
2665,-8.049560000000001,-34.955
2666,-8.0491,-34.94748
2667,-8.05285,-34.95346
2668,-8.04955,-34.95309
2669,-8.04955,-34.95313
2670,-8.049430000000001,-34.95305
2671,-8.050510000000001,-34.94597
2672,-8.04951,-34.95516
2673,-8.052019999999999,-34.95101
2674,-8.04847,-34.95197
2675,-8.04947,-34.95534
2676,-8.049430000000001,-34.95305
2677,-8.0496,-34.9546
2678,-8.0494,-34.95041
2679,-8.049430000000001,-34.95305
2680,-8.05033,-34.95375
2681,-8.04888,-34.95441
2682,-8.05299,-34.9539
2683,-8.04928,-34.95598
2684,-8.049430000000001,-34.95305
2685,-8.04927,-34.95602
2686,-8.05001,-34.94762
2687,-8.049430000000001,-34.95305
2688,-8.0493,-34.94728
2689,-8.04928,-34.95598
2690,-8.04935,-34.94575
2691,-8.04981,-34.95309
2692,-8.04904,-34.95682
2693,-8.049430000000001,-34.95305
2694,-8.0493,-34.959790000000005
2695,-8.04895,-34.94735
2696,-8.04903,-34.959740000000004
2697,-8.04844,-34.952259999999995
2698,-8.05141,-34.95056
2699,-8.04975,-34.94583
2700,-8.04928,-34.95598
2701,-8.04847,-34.95216
2702,-8.0489,-34.9473
2703,-8.04908,-34.95669
2704,-8.04903,-34.959740000000004
2705,-8.05139,-34.95105
2706,-8.04832,-34.95955
2707,-8.04935,-34.94575
2708,-8.048869999999999,-34.94699
2709,-8.04854,-34.95964
2710,-8.04913,-34.95653
2711,-8.04909,-34.94709
2712,-8.04909,-34.94709
2713,-8.04895,-34.95299
2714,-8.05008,-34.95955
2715,-8.048860000000001,-34.95037
2716,-8.04865,-34.94696
2717,-8.04844,-34.95243
2718,-8.04877,-34.94697
2719,-8.04852,-34.95431
2720,-8.0487,-34.95049
2721,-8.04832,-34.95955
2722,-8.048860000000001,-34.95298
2723,-8.04865,-34.94696
2724,-8.04889,-34.957370000000004
2725,-8.04836,-34.95075
2726,-8.05139,-34.95105
2727,-8.04836,-34.95075
2728,-8.04824,-34.95905
2729,-8.0514,-34.95095
2730,-8.04857,-34.9509
2731,-8.04854,-34.95077
2732,-8.04975,-34.95309
2733,-8.048860000000001,-34.95039000000001
2734,-8.04841,-34.95261
2735,-8.048860000000001,-34.95037
2736,-8.04857,-34.951
2737,-8.04856,-34.950790000000005
2738,-8.04847,-34.95197
2739,-8.04953,-34.953070000000004
2740,-8.04856,-34.94696
2741,-8.04833,-34.959070000000004
2742,-8.04852,-34.95149
2743,-8.048639999999999,-34.952940000000005
2744,-8.04844,-34.94695
2745,-8.04953,-34.953070000000004
2746,-8.049339999999999,-34.95304
2747,-8.04824,-34.95905
2748,-8.049380000000001,-34.95304
2749,-8.04829,-34.94696
2750,-8.04882,-34.945640000000004
2751,-8.04844,-34.95243
2752,-8.04865,-34.95062
2753,-8.04861,-34.94705
2754,-8.04842,-34.95959000000001
2755,-8.04836,-34.959070000000004
2756,-8.04953,-34.95366
2757,-8.04839,-34.95075
2758,-8.05294,-34.95389
2759,-8.04854,-34.952870000000004
2760,-8.04852,-34.95431
2761,-8.04844,-34.95243
2762,-8.04865,-34.95066
2763,-8.04844,-34.95243
2764,-8.04844,-34.95243
2765,-8.04837,-34.94696
2766,-8.04827,-34.95906
2767,-8.04841,-34.959
2768,-8.04822,-34.946940000000005
2769,-8.04832,-34.95955
2770,-8.048910000000001,-34.95035
2771,-8.04854,-34.95964
2772,-8.04814,-34.95071
2773,-8.04829,-34.94693
2774,-8.04822,-34.95073
2775,-8.0483,-34.95906
2776,-8.04818,-34.95917
2777,-8.04993,-34.95952
2778,-8.04814,-34.95071
2779,-8.04814,-34.95071
2780,-8.04819,-34.95947
2781,-8.048160000000001,-34.9591
2782,-8.04824,-34.95905
2783,-8.04814,-34.94712
2784,-8.04818,-34.95917
2785,-8.048160000000001,-34.9591
2786,-8.05055,-34.95967
2787,-8.046439999999999,-34.95361
2788,-8.048589999999999,-34.94696
2789,-8.047830000000001,-34.94542
2790,-8.048210000000001,-34.94696
2791,-8.04813,-34.94718
2792,-8.04809,-34.94749
2793,-8.04813,-34.94727
2794,-8.04814,-34.95071
2795,-8.04808,-34.9476
2796,-8.04803,-34.94764
2797,-8.04796,-34.94762
2798,-8.047830000000001,-34.94542
2799,-8.04803,-34.94764
2800,-8.04804,-34.95067
2801,-8.04808,-34.94757
2802,-8.04797,-34.94765
2803,-8.04797,-34.94765
2804,-8.04653,-34.95375
2805,-8.04777,-34.95067
2806,-8.047830000000001,-34.94542
2807,-8.04778,-34.95067
2808,-8.04813,-34.94718
2809,-8.048,-34.94765
2810,-8.04701,-34.95061
2811,-8.04767,-34.95066
2812,-8.04797,-34.94765
2813,-8.04683,-34.95058
2814,-8.04782,-34.94763
2815,-8.04771,-34.947590000000005
2816,-8.048060000000001,-34.95417
2817,-8.04768,-34.94762
2818,-8.048060000000001,-34.9507
2819,-8.04751,-34.947590000000005
2820,-8.04642,-34.95347
2821,-8.048060000000001,-34.9507
2822,-8.04751,-34.947590000000005
2823,-8.04764,-34.945370000000004
2824,-8.04729,-34.94757
2825,-8.049560000000001,-34.94756
2826,-8.047260000000001,-34.94526
2827,-8.04733,-34.95397
2828,-8.04733,-34.95064
2829,-8.04734,-34.94757
2830,-8.04733,-34.94758
2831,-8.04728,-34.953959999999995
2832,-8.04739,-34.947590000000005
2833,-8.04642,-34.953140000000005
2834,-8.04734,-34.94757
2835,-8.04733,-34.95064
2836,-8.04705,-34.947540000000004
2837,-8.04733,-34.94758
2838,-8.04759,-34.9476
2839,-8.049660000000001,-34.95471
2840,-8.0471,-34.95061
2841,-8.047939999999999,-34.94764
2842,-8.0476,-34.94758
2843,-8.04777,-34.95409
2844,-8.04677,-34.94515
2845,-8.04768,-34.94762
2846,-8.04721,-34.9506
2847,-8.04705,-34.947540000000004
2848,-8.04645,-34.9476
2849,-8.04645,-34.94877
2850,-8.04733,-34.95397
2851,-8.04716,-34.94756
2852,-8.048060000000001,-34.95417
2853,-8.046489999999999,-34.94512
2854,-8.04643,-34.94971
2855,-8.04721,-34.9506
2856,-8.04721,-34.94525
2857,-8.0467,-34.94514
2858,-8.0468,-34.95384
2859,-8.0466,-34.94512
2860,-8.04701,-34.95061
2861,-8.04721,-34.94525
2862,-8.047039999999999,-34.94521
2863,-8.0466,-34.94512
2864,-8.04668,-34.950590000000005
2865,-8.04777,-34.95409
2866,-8.04729,-34.95062
2867,-8.04689,-34.95058
2868,-8.04647,-34.94535
2869,-8.04647,-34.94539
2870,-8.04647,-34.94532
2871,-8.04647,-34.94533
2872,-8.04648,-34.94555
2873,-8.04655,-34.94511
2874,-8.04647,-34.94534
2875,-8.04647,-34.94535
2876,-8.04646,-34.94795
2877,-8.04705,-34.947540000000004
2878,-8.04646,-34.946220000000004
2879,-8.04647,-34.94535
2880,-8.04647,-34.94535
2881,-8.04648,-34.94514
2882,-8.04899,-34.95299
2883,-8.04646,-34.94795
2884,-8.04645,-34.94853
2885,-8.04645,-34.946290000000005
2886,-8.04645,-34.9476
2887,-8.046439999999999,-34.94671
2888,-8.046439999999999,-34.94671
2889,-8.046439999999999,-34.94671
2890,-8.047369999999999,-34.95398
2891,-8.04642,-34.952729999999995
2892,-8.04643,-34.9508
2893,-8.04643,-34.9508
2894,-8.05057,-34.953309999999995
2895,-8.04643,-34.95026
2896,-8.04643,-34.94999
2897,-8.04642,-34.952729999999995
2898,-8.04844,-34.952259999999995
2899,-8.04642,-34.95187
2900,-8.04844,-34.952259999999995
2901,-8.04928,-34.95598
2902,-8.04643,-34.95134
2903,-8.04908,-34.95669
